Table 1.1.5. Gross Domestic Product,,,,,,,,,,,,,,,,,,,,,,,,,,,,,,,,,,,,,,,,,,,,,,,,,,,,,,,,,,,,,,,,,,,,,,,,,,,,,,,,,,,,,,,,,,,,,,,,,,,,,,,,,,,,,,,,,,,,,,,,,,,,,,,,,,,,,,,,,,,,,,,,
[Billions of dollars] Seasonally adjusted at annual rates ,,,,,,,,,,,,,,,,,,,,,,,,,,,,,,,,,,,,,,,,,,,,,,,,,,,,,,,,,,,,,,,,,,,,,,,,,,,,,,,,,,,,,,,,,,,,,,,,,,,,,,,,,,,,,,,,,,,,,,,,,,,,,,,,,,,,,,,,,,,,,,,,
Bureau of Economic Analysis ,,,,,,,,,,,,,,,,,,,,,,,,,,,,,,,,,,,,,,,,,,,,,,,,,,,,,,,,,,,,,,,,,,,,,,,,,,,,,,,,,,,,,,,,,,,,,,,,,,,,,,,,,,,,,,,,,,,,,,,,,,,,,,,,,,,,,,,,,,,,,,,,
"Last Revised on: November 24, 2015 - Next Release Date December 22, 2015",,,,,,,,,,,,,,,,,,,,,,,,,,,,,,,,,,,,,,,,,,,,,,,,,,,,,,,,,,,,,,,,,,,,,,,,,,,,,,,,,,,,,,,,,,,,,,,,,,,,,,,,,,,,,,,,,,,,,,,,,,,,,,,,,,,,,,,,,,,,,,,,
Line,?ÿ,1980,1980,1980,1980,1981,1981,1981,1981,1982,1982,1982,1982,1983,1983,1983,1983,1984,1984,1984,1984,1985,1985,1985,1985,1986,1986,1986,1986,1987,1987,1987,1987,1988,1988,1988,1988,1989,1989,1989,1989,1990,1990,1990,1990,1991,1991,1991,1991,1992,1992,1992,1992,1993,1993,1993,1993,1994,1994,1994,1994,1995,1995,1995,1995,1996,1996,1996,1996,1997,1997,1997,1997,1998,1998,1998,1998,1999,1999,1999,1999,2000,2000,2000,2000,2001,2001,2001,2001,2002,2002,2002,2002,2003,2003,2003,2003,2004,2004,2004,2004,2005,2005,2005,2005,2006,2006,2006,2006,2007,2007,2007,2007,2008,2008,2008,2008,2009,2009,2009,2009,2010,2010,2010,2010,2011,2011,2011,2011,2012,2012,2012,2012,2013,2013,2013,2013,2014,2014,2014,2014,2015,2015,2015
Line,?ÿ,I,II,III,IV,I,II,III,IV,I,II,III,IV,I,II,III,IV,I,II,III,IV,I,II,III,IV,I,II,III,IV,I,II,III,IV,I,II,III,IV,I,II,III,IV,I,II,III,IV,I,II,III,IV,I,II,III,IV,I,II,III,IV,I,II,III,IV,I,II,III,IV,I,II,III,IV,I,II,III,IV,I,II,III,IV,I,II,III,IV,I,II,III,IV,I,II,III,IV,I,II,III,IV,I,II,III,IV,I,II,III,IV,I,II,III,IV,I,II,III,IV,I,II,III,IV,I,II,III,IV,I,II,III,IV,I,II,III,IV,I,II,III,IV,I,II,III,IV,I,II,III,IV,I,II,III,IV,I,II,III
1,        Gross domestic product,2796.5,2799.9,2860,2993.5,3131.8,3167.3,3261.2,3283.5,3273.8,3331.3,3367.1,3407.8,3480.3,3583.8,3692.3,3796.1,3912.8,4015,4087.4,4147.6,4237,4302.3,4394.6,4453.1,4516.3,4555.2,4619.6,4669.4,4736.2,4821.5,4900.5,5022.7,5090.6,5207.7,5299.5,5412.7,5527.4,5628.4,5711.6,5763.4,5890.8,5974.7,6029.5,6023.3,6054.9,6143.6,6218.4,6279.3,6380.8,6492.3,6586.5,6697.6,6748.2,6829.6,6904.2,7032.8,7136.3,7269.8,7352.3,7476.7,7545.3,7604.9,7706.5,7799.5,7893.1,8061.5,8159,8287.1,8402.1,8551.9,8691.8,8788.3,8889.7,8994.7,9146.5,9325.7,9447.1,9557,9712.3,9926.1,10031,10278.3,10357.4,10472.3,10508.1,10638.4,10639.5,10701.3,10834.4,10934.8,11037.1,11103.8,11230.1,11370.7,11625.1,11816.8,11988.4,12181.4,12367.7,12562.2,12813.7,12974.1,13205.4,13381.6,13648.9,13799.8,13908.5,14066.4,14233.2,14422.3,14569.7,14685.3,14668.4,14813,14843,14549.9,14383.9,14340.4,14384.1,14566.5,14681.1,14888.6,15057.7,15230.2,15238.4,15460.9,15587.1,15785.3,15973.9,16121.9,16227.9,16297.3,16440.7,16526.8,16727.5,16957.6,16984.3,17270,17522.1,17615.9,17649.3,17913.7,18064.7
2,Personal consumption expenditures,1706.5,1708.9,1767.7,1835.4,1890.7,1921.9,1961.2,1976.1,2014.4,2041.1,2089.2,2150.9,2190.6,2254.5,2324.3,2376.7,2422.8,2481.2,2519.7,2568.9,2643.9,2691.2,2764.7,2790.9,2834.7,2863,2929.7,2966.1,2998.3,3068.8,3133.5,3167.6,3249,3309,3378.3,3451.3,3506.1,3569.5,3625.6,3670.1,3754.5,3800.2,3863.4,3884.4,3890.2,3943.7,3989.6,4017.1,4117.7,4173.4,4245.4,4326.2,4368.5,4437.5,4506,4572,4640.9,4702.9,4773.1,4847.2,4883.3,4955,5020.5,5077.9,5153.8,5244.1,5298.3,5376.1,5456.7,5495.1,5603.5,5687.6,5745.9,5857.8,5952.8,6055.5,6129,6253,6357.2,6488.9,6642.7,6737.3,6845.1,6944.4,7020.4,7072.1,7103.4,7216.6,7251.4,7344.5,7433.1,7507.2,7593.5,7684.6,7845.5,7938.5,8076.8,8186.3,8312.7,8464.3,8573.1,8723.9,8888.1,8991.3,9134.3,9253.7,9374.3,9453.6,9591.9,9700.9,9799.2,9910,9974.4,10095.8,10124.9,9859.6,9770.2,9769.8,9890.8,9957.1,10044.5,10137.7,10233.4,10393.2,10523.5,10651.4,10754.5,10827.9,10956.2,11008.3,11073.6,11164.3,11271.8,11322.8,11417.7,11556.9,11640.3,11813,11949.1,12061.4,12055.5,12228.4,12358.6
3,    Goods,792,777.8,801.9,827.5,860.1,863.8,881.1,872.5,886.3,887.9,901.8,921.1,925.9,962.6,990.8,1015.8,1037.9,1063.6,1066.6,1086.6,1110.4,1126,1156.9,1157.1,1170.9,1174.7,1216.7,1220.1,1215.9,1251.4,1281.2,1276.7,1308.8,1326.8,1341.2,1372.5,1389,1421.1,1441.9,1443.2,1489.6,1479.3,1496.7,1499.7,1485.8,1497,1508.7,1498.2,1533.8,1548.2,1573.1,1597.9,1607,1634.2,1649.2,1679.1,1705.7,1726.8,1758.9,1794.8,1788.1,1803.9,1826.2,1843.9,1871,1915.9,1925.9,1957.9,1986.7,1974.5,2020.5,2045.4,2044.8,2089.5,2120.1,2180.5,2204.8,2272.7,2310.9,2358.6,2412.7,2436.8,2468.8,2493.1,2498.9,2509.7,2514.9,2577.5,2559.5,2587.8,2620.2,2626.8,2656.5,2676.3,2765.1,2788.3,2841.5,2873.2,2910.2,2976.1,3006.4,3057.4,3125.4,3131.9,3191.9,3222.3,3267.5,3261.4,3302.1,3351.1,3374.5,3418.6,3406.3,3458.8,3450.3,3187.5,3137,3148.4,3244.9,3263.5,3304.9,3325.6,3362.4,3458.4,3534,3588,3613,3650.9,3714.4,3717.2,3744.7,3780,3827.7,3810.5,3844,3864.8,3874.7,3951.5,3987.4,3980.1,3901.5,3978.1,4022.9
4,        Durable goods,232.1,211.9,225.4,236.2,246,240.9,251.9,236.8,246.4,249.2,252.1,264.4,268.9,289.6,302.4,319.3,331.4,341.3,342.1,353.8,368,373.3,396.5,383.8,391.6,407.3,445.7,441.1,418.5,439.1,460.5,449.9,470.4,473.2,470.4,486.2,486.4,493.3,505.6,491.9,515.4,498.4,493.6,480.9,471.7,475.2,484.3,477.5,496.2,501,512.1,523.1,527.9,547.8,556.6,573.8,588.8,598.7,609.3,631.8,621.3,626.9,642.5,652.2,659.8,676.3,679.4,689.6,705.6,696.6,722.8,737.2,737.7,769.2,785,825.2,819.9,854.8,871.2,876.3,920.9,901.9,911.7,915.8,926.8,919.5,923.9,995.9,974.9,979.7,1003.5,983.3,974,1007.8,1042.3,1046,1062.3,1071.7,1084.2,1101.1,1110.5,1140.6,1145.4,1112.4,1153.3,1147,1158,1166.1,1173.4,1184.9,1190.2,1190.1,1152.3,1139.8,1101.9,1015.1,1012,1004.8,1045.8,1030.7,1040.2,1064.7,1075.1,1102.8,1115.3,1112.3,1123.8,1149.8,1178.8,1181.6,1194.2,1212.9,1235.4,1235.6,1237.5,1242.8,1243.1,1279.1,1295.1,1303.5,1301.8,1326.4,1339.5
5,        Nondurable goods,559.9,565.9,576.5,591.3,614,622.8,629.1,635.7,639.9,638.7,649.7,656.7,657,673,688.4,696.5,706.5,722.4,724.6,732.8,742.4,752.8,760.5,773.3,779.3,767.5,771,779,797.4,812.3,820.7,826.8,838.4,853.5,870.8,886.3,902.5,927.7,936.3,951.3,974.2,980.9,1003.1,1018.8,1014.1,1021.8,1024.4,1020.7,1037.7,1047.2,1061.1,1074.8,1079.1,1086.3,1092.5,1105.3,1116.8,1128.1,1149.6,1163,1166.9,1177,1183.7,1191.7,1211.2,1239.5,1246.5,1268.3,1281.1,1277.9,1297.7,1308.2,1307.1,1320.3,1335.1,1355.3,1384.8,1417.9,1439.7,1482.3,1491.8,1534.8,1557.2,1577.3,1572.1,1590.2,1591,1581.6,1584.6,1608.2,1616.6,1643.5,1682.5,1668.5,1722.9,1742.3,1779.2,1801.6,1825.9,1875,1895.9,1916.8,1980,2019.5,2038.6,2075.3,2109.5,2095.3,2128.8,2166.1,2184.3,2228.6,2253.9,2318.9,2348.4,2172.4,2124.9,2143.6,2199.1,2232.8,2264.7,2260.9,2287.3,2355.6,2418.7,2475.6,2489.2,2501.1,2535.6,2535.6,2550.6,2567.1,2592.3,2574.9,2606.5,2622,2631.6,2672.4,2692.2,2676.6,2599.7,2651.8,2683.4
6,    Services,914.5,931.1,965.8,1007.9,1030.6,1058.1,1080.2,1103.6,1128.1,1153.1,1187.4,1229.8,1264.7,1291.9,1333.5,1360.9,1384.9,1417.6,1453.1,1482.3,1533.5,1565.2,1607.8,1633.8,1663.9,1688.3,1713,1746,1782.4,1817.4,1852.3,1890.9,1940.2,1982.2,2037.2,2078.8,2117.1,2148.4,2183.6,2226.9,2264.9,2320.9,2366.7,2384.7,2404.4,2446.7,2480.9,2518.9,2583.8,2625.2,2672.3,2728.3,2761.5,2803.3,2856.9,2893,2935.2,2976.1,3014.2,3052.4,3095.2,3151.1,3194.2,3234,3282.8,3328.3,3372.4,3418.1,3470,3520.6,3583,3642.2,3701.2,3768.3,3832.7,3875.1,3924.2,3980.3,4046.3,4130.3,4230,4300.5,4376.3,4451.3,4521.5,4562.4,4588.5,4639.1,4691.8,4756.7,4813,4880.4,4937,5008.3,5080.4,5150.2,5235.3,5313.1,5402.5,5488.2,5566.7,5666.5,5762.6,5859.4,5942.4,6031.4,6106.8,6192.2,6289.7,6349.8,6424.7,6491.4,6568.1,6637,6674.6,6672.1,6633.3,6621.4,6645.9,6693.6,6739.7,6812,6871,6934.8,6989.6,7063.4,7141.4,7177,7241.8,7291.1,7328.9,7384.3,7444.1,7512.3,7573.7,7692.1,7765.6,7861.5,7961.7,8081.3,8153.9,8250.2,8335.7
7,Gross private domestic investment,554.6,519.3,495.1,551.5,619.4,609.8,652.3,643.4,588.3,593.6,593,549.2,565.5,613.8,652.3,718.5,790.9,818.9,838.9,831.7,809.9,827,822.2,859.5,863.5,855.2,835.8,842.1,871.2,874.6,876.5,946.5,908.6,934.5,942,962.8,1005.4,1001,996.5,995.9,1010.8,1014.8,1000.7,947.6,924.6,926.6,947.5,978.8,956.8,1013.1,1024.2,1058,1083.9,1094.5,1095.9,1153,1202.1,1265.1,1251.6,1307.2,1327.3,1303.8,1303.2,1335.6,1355.2,1418.6,1474.4,1480,1522,1589.9,1625.3,1645.3,1712.3,1694.8,1739.8,1794.4,1850.6,1845.8,1890.9,1949.4,1945.9,2071.8,2055.8,2061.6,1967.5,1967,1937.3,1842.7,1910,1925.6,1927.9,1936.5,1960.2,1970.5,2048.3,2132.8,2155.2,2259.5,2311.3,2380.8,2475.2,2469.5,2527.2,2636.5,2699.7,2697,2684.4,2641.6,2634.2,2671.9,2658.2,2610.6,2527,2493.3,2435.9,2243.1,1972.1,1825.9,1786.4,1928,1989.5,2092.7,2164.6,2156.5,2123.5,2212.7,2228.2,2395.2,2460.8,2534.8,2529.9,2521.3,2578.3,2620.4,2711.5,2749.9,2751.1,2841.6,2910.2,2937.2,2995.9,3025.5,3034.8
8,    Fixed investment,544.7,511.5,528.9,560.6,580.6,598.1,608.3,618.6,609.8,597.8,587.2,589.1,600.6,621.4,656.5,694.6,717.9,749.6,767.5,783.8,793.6,805.4,805.9,826.4,833.1,839.6,842.8,854.8,843.2,858.1,875.5,883.4,891.6,914.9,923.8,943.6,957.2,964.7,986.7,979.4,996.9,981.1,978.8,958.9,940.1,944.6,946.6,947.6,956.5,989.9,1003.7,1036.7,1048,1070.4,1089.3,1136.4,1156.7,1183.7,1198.4,1232,1266.1,1270.1,1291.9,1317.2,1348.3,1388,1423.4,1445.3,1472.2,1501.5,1557.4,1567.6,1607.2,1657.4,1687.4,1734.4,1767.2,1810.7,1850.4,1865.2,1929.8,1981.3,1998.5,2007.2,1998.2,1978.6,1967.5,1923.5,1910.2,1906.5,1902.6,1906.7,1929.2,1970.9,2040.1,2094.4,2106.3,2183.3,2249,2312.7,2375.7,2438.9,2509.3,2546.2,2625.2,2619.7,2607.3,2602.5,2614,2624.8,2609.6,2588.7,2547.2,2517.2,2454.7,2308.3,2117.8,2013.8,1992.3,1978.8,1977.5,2042.6,2043,2094.1,2097.2,2149.6,2243.1,2302.5,2395.3,2445.5,2455.9,2502.9,2541.8,2571.7,2606,2653.5,2708.4,2752.7,2821.8,2848.7,2868.6,2897.9,2934.2
9,        Nonresidential,404.5,394.7,405.7,422.8,443,462.9,482.1,503.8,500.1,490.1,478.7,471.5,462.1,466.4,485.4,514.7,531.5,558.3,576.6,590.9,599.4,609.1,604.4,618.1,613.5,605,602,610.6,596.6,608.4,625.5,630.5,641.5,659.4,666.3,681.9,696.3,708.9,731.2,727.5,740.9,734.2,744.3,737.6,729.8,726.8,720.1,717.6,714.2,736.7,748.6,768.3,776.6,792.4,798.4,829.5,841.1,855.7,871.9,906.6,944.3,956.6,965.5,982.5,1003.6,1026.6,1059.1,1083.5,1106.8,1129.2,1178.4,1181.9,1212.4,1246.1,1259.8,1292.9,1319.9,1351.4,1383.8,1391.4,1445.5,1494.7,1515.5,1519.4,1501.5,1467.6,1445,1401.5,1371.9,1351.6,1343.7,1328.4,1327.8,1359.1,1388.5,1411.5,1400.3,1440.2,1485.6,1526.5,1560.5,1595.2,1633.8,1656.4,1729.4,1761,1793.6,1821.2,1864.7,1907.5,1937.9,1972.3,1981.6,1978.7,1947.3,1856.2,1712.3,1637.5,1600.3,1583.6,1594.4,1641.8,1677.4,1719.3,1722.4,1768.5,1854.5,1902.9,1971.5,2016.2,2011.7,2031.2,2052.1,2064.6,2085.9,2134.5,2181.9,2211.7,2267,2274.1,2280.7,2297.9,2318.5
10,            Structures,132.6,132.3,135.8,144.1,150,161,169.7,188.5,186.6,182.5,172.9,168.3,158.6,149.5,152.6,156.6,165.7,175.8,182.5,185.5,194.9,195.2,192.2,195.8,191.7,174.5,169,170.9,166.9,169.6,177.6,182.7,178.6,184.2,183.5,184.9,189.5,189.6,197.7,198.1,204.1,204.6,205.5,197.4,194.9,189.9,177.5,172.2,169.9,170.6,173,176.7,175.6,174.1,176,182.9,178.5,187.1,188.1,193.4,201.2,207.4,210.3,210.2,214.3,219.8,225.3,238.9,242.7,242.6,255.7,260.1,261.4,278.2,279.8,281.2,282.5,281.4,283.2,288.6,298.2,313.5,327.9,333,328.3,335.1,343.2,312.4,298.6,285.3,274.2,273.5,274.8,282.2,283.1,287.2,287,295.2,307.9,317.1,330.8,337.9,348.3,365.6,389,410.8,425.9,436.7,458.1,485.3,512.6,531.7,540.2,553.8,559.3,556.2,508,455.2,412.7,376.9,352.4,364.5,361.1,370.1,343.2,371.3,397.1,415,439.7,455.7,452.8,443.8,438.2,453.9,474.4,481.8,504.9,505.7,505.4,512,499.3,503.8,496.3
11,            Equipment,219.6,209.1,215.2,221.6,232,238.3,246.6,246.5,242.8,235.4,232.3,228.9,227.1,237.6,249.8,271.4,275.6,289,297.3,305.6,302.6,309.5,306.1,313.4,310.8,317.5,318.6,323.9,312.6,320.2,327.1,323.8,335.6,344.8,349.1,357.7,363.4,371.6,381,372.6,376.4,365.7,373.6,371.8,361.3,358.2,362.6,361.4,360.1,379.5,387.6,399.6,406.6,421.5,425,447.4,461.8,465.4,476.5,501.9,525.3,525.4,524.8,537,546,556.9,577,581.4,587.5,602.3,630.5,623.1,645.8,655.9,658.4,680,695.1,712.1,728.1,719.1,749.4,774,774,767,751.7,716,692.4,686,671.4,660.7,658.9,647.5,642.2,660.7,679.6,693.4,680.6,709.6,732,754.6,765,782.6,805.2,810,851.3,852.4,857.3,863.6,876.9,888.2,887.6,890.4,878.9,856.9,822.4,742.4,659,634.4,639.1,644.8,682.7,719,751.2,774.4,798.3,809.7,861.7,883.3,920.4,940.7,935.4,955.2,969.1,968,959.3,992.8,1003.5,1023.2,1065.3,1055,1063.5,1064.6,1089.8
12,            Intellectual property products,52.3,53.3,54.7,57.1,61.1,63.5,65.8,68.7,70.6,72.2,73.5,74.4,76.4,79.4,82.9,86.7,90.1,93.5,96.8,99.8,101.9,104.3,106.1,108.9,111.1,113,114.3,115.8,117,118.6,120.8,124,127.3,130.4,133.7,139.3,143.5,147.7,152.4,156.9,160.3,163.9,165.1,168.4,173.6,178.7,180.1,184.1,184.2,186.5,187.9,192.1,194.4,196.7,197.5,199.1,200.8,203.2,207.4,211.4,217.8,223.8,230.4,235.3,243.3,250,256.8,263.2,276.7,284.2,292.3,298.6,305.3,312.1,321.6,331.7,342.3,357.9,372.4,383.6,397.9,407.3,413.6,419.4,421.5,416.4,409.4,403.1,401.9,405.6,410.6,407.3,410.8,416.1,425.9,430.9,432.6,435.4,445.7,454.8,464.8,474.7,480.3,480.8,489.1,497.7,510.5,521,529.7,534.1,537.6,550.2,562.5,568,565.5,557.6,545.3,548,548.5,561.9,559.2,558.3,565.1,574.8,580.9,587.5,595.7,604.6,611.4,619.7,623.6,632.3,644.8,642.7,652.2,660,673.6,682.8,696.3,707.2,717.8,729.6,732.3
13,        Residential,140.2,116.9,123.2,137.8,137.6,135.3,126.2,114.8,109.7,107.7,108.4,117.5,138.5,155,171.1,179.9,186.4,191.3,190.9,192.9,194.2,196.3,201.4,208.4,219.5,234.6,240.9,244.3,246.7,249.7,250,252.8,250.1,255.5,257.5,261.7,260.9,255.8,255.5,251.9,256,246.9,234.5,221.3,210.3,217.8,226.5,230.1,242.4,253.2,255.1,268.3,271.4,278,290.9,306.9,315.6,327.9,326.4,325.4,321.8,313.5,326.4,334.6,344.7,361.4,364.3,361.8,365.4,372.3,379,385.8,394.8,411.3,427.6,441.5,447.4,459.3,466.6,473.8,484.2,486.6,483.1,487.8,496.7,511,522.4,522.1,538.3,554.8,558.9,578.3,601.4,611.9,651.6,682.9,706,743.1,763.4,786.2,815.1,843.7,875.5,889.9,895.9,858.7,813.7,781.3,749.3,717.3,671.7,616.4,565.5,538.4,507.4,452.1,405.5,376.3,392,395.2,383.1,400.8,365.6,374.7,374.8,381.1,388.6,399.6,423.8,429.4,444.1,471.7,489.6,507.1,520,519,526.4,540.9,554.8,574.6,588,600,615.8
14,    Change in private inventories,9.9,7.8,-33.9,-9.1,38.8,11.7,44,24.8,-21.5,-4.2,5.8,-39.8,-35.1,-7.7,-4.2,23.9,73,69.3,71.3,48,16.2,21.6,16.3,33.1,30.4,15.7,-7,-12.8,28,16.5,1,63.1,17,19.6,18.2,19.1,48.1,36.3,9.8,16.6,14,33.7,21.9,-11.3,-15.5,-18,0.8,31.1,0.2,23.2,20.5,21.3,35.9,24.1,6.6,16.6,45.4,81.4,53.2,75.1,61.2,33.8,11.3,18.4,6.9,30.5,51.1,34.7,49.8,88.4,67.9,77.7,105.1,37.3,52.4,60,83.4,35.1,40.5,84.2,16.2,90.4,57.2,54.3,-30.6,-11.6,-30.1,-80.8,-0.2,19.1,25.3,29.8,31,-0.4,8.1,38.4,48.9,76.2,62.3,68,99.5,30.6,17.9,90.2,74.4,77.3,77.1,39.1,20.2,47.1,48.6,21.9,-20.1,-23.9,-18.8,-65.1,-145.6,-187.9,-205.9,-50.8,12.1,50.1,121.5,62.4,26.3,63,-14.9,92.6,65.4,89.3,74.1,18.4,36.5,48.7,105.6,96.4,42.7,88.9,88.3,88.5,127.3,127.5,100.6
15,Net exports of goods and services,-35.8,-15.2,5.5,-6.7,-14.3,-13.5,-7.6,-14.8,-16.3,-4.4,-29.6,-29.6,-24.5,-45.4,-65.2,-71.4,-95,-104.3,-103.8,-107.8,-91.3,-114.4,-116.9,-133.4,-126,-128.9,-139,-133.6,-141.2,-147,-145.5,-145.4,-124,-106.6,-99.3,-107.7,-101,-88.2,-75.1,-82.8,-88.5,-68.8,-75,-79.1,-47.1,-23.2,-21.1,-23.1,-20.5,-32.8,-38.5,-47.1,-55.7,-63.2,-68.4,-73.4,-80.6,-90.6,-96.9,-101.9,-105.3,-109.5,-74.4,-69.8,-88.8,-93.7,-114.2,-88.8,-108.8,-85.2,-96.8,-117,-135.2,-162.3,-174.6,-178.7,-208.5,-245.4,-276.1,-296.5,-352.8,-359.6,-388.5,-402.4,-391.7,-359.3,-366.7,-357,-375.3,-416,-431.6,-483,-501.6,-501.4,-499.9,-511.7,-546.6,-608,-638,-684,-676.8,-689.1,-731.4,-787.5,-777.2,-781.6,-805.6,-719.4,-728.5,-733,-712.1,-700.6,-756.8,-759.4,-773.6,-602.4,-393.9,-341.7,-405.6,-440.6,-488.7,-523.2,-535,-503.7,-562.5,-586.9,-572.4,-598.1,-614.7,-580.9,-535.2,-531.8,-529.2,-527.8,-512.4,-464.3,-529.4,-530.9,-514.6,-545.2,-551.6,-519.3,-529.1
16,    Exports,268.5,277.4,284.7,292.5,305.5,308.5,302.3,304.7,293.2,294.7,279.6,265.3,270.7,272.5,278.2,286.6,293,302.2,305.7,308.6,306,304.1,297.3,305.4,313.4,315.1,320.5,335,336.5,355.4,371.9,392.1,418.7,439.5,453.6,466.6,485.2,507.2,509.4,515.4,538.2,545.9,555.1,568.2,573.2,590.7,600.6,615.2,625.3,626.2,639.4,641.4,643.6,653.1,650.9,671.6,681.2,707,736.9,758.6,781.6,798.9,831.4,839.4,847.9,859,859.6,903.8,918.4,954.5,974.1,968.3,963,947.3,935.3,966.3,961.6,972.8,1002.4,1031.2,1054,1092.7,1125.2,1115.4,1096.7,1054.6,998.5,957.1,973.3,1007.5,1021.6,1007.6,1011.5,1012.3,1042.5,1094.8,1141.3,1172.3,1186,1226.4,1268.2,1300.1,1310.9,1356.4,1417.2,1463.4,1480.1,1544.5,1580.5,1625.1,1687.5,1765.4,1814.6,1920.5,1923.6,1709.1,1519.5,1522.7,1596.4,1712.3,1753.2,1814,1869.8,1972.2,2033.3,2108.3,2142.9,2141,2169.6,2199.8,2209.4,2214,2226.6,2237.6,2264.3,2324.5,2301.5,2356.2,2360.6,2349.5,2257.3,2280,2260.6
17,        Goods,222,227.7,232.5,239.5,247.2,248.7,241.7,243.1,232.3,233.9,218.5,205.5,209.7,209.1,214.3,223.1,224.3,230,234.4,236.4,232.1,228.7,222.2,226.9,224.5,227.9,229.8,243.6,243,258.8,272.1,288.3,311.2,328.5,338.7,349.8,360.5,379.6,379,379.9,396.2,400.6,406.3,409.9,420.7,427.1,431.6,441.2,449.7,448.8,460.6,462.2,460.4,466.9,462.6,481.1,484.1,505.3,533.8,550.3,571.6,583.2,605.8,609.3,617.1,621.2,626.5,650.3,668.9,701,717.5,712.2,708.2,683.7,676.6,701.8,688.1,697.3,717.1,744.4,762.2,791.3,822.8,812.7,799.3,764,717.8,694.2,690.5,718.3,729.8,714,722.8,724.6,739.6,778.6,803.2,829.1,840.6,864.6,890.4,925,929,962,1010,1040.6,1057,1090.7,1111.5,1142.2,1182.9,1229.1,1280.4,1365.2,1375.8,1173.8,1012.1,1010.9,1074.2,1163.3,1208.7,1256.4,1288,1365.3,1416,1467.7,1487.8,1496,1511.2,1530,1537.7,1525.2,1529.8,1541.3,1560.8,1611.8,1585.5,1628,1641.9,1616.5,1517.5,1535.5,1510.1
18,        Services,46.5,49.7,52.2,53,58.2,59.7,60.6,61.6,60.9,60.9,61.1,59.8,61,63.4,63.9,63.5,68.6,72.2,71.3,72.2,73.9,75.4,75.1,78.5,88.9,87.3,90.7,91.4,93.5,96.6,99.8,103.8,107.5,111,114.9,116.8,124.7,127.6,130.3,135.5,142,145.3,148.8,158.3,152.5,163.6,169,174.1,175.6,177.4,178.8,179.2,183.2,186.2,188.3,190.5,197.1,201.7,203.1,208.3,210,215.7,225.6,230.2,230.8,237.9,233.1,253.5,249.5,253.5,256.5,256.2,254.9,263.6,258.7,264.5,273.5,275.5,285.3,286.8,291.8,301.4,302.4,302.7,297.4,290.6,280.7,262.8,282.8,289.2,291.8,293.6,288.7,287.7,302.9,316.1,338,343.2,345.4,361.9,377.8,375.2,381.9,394.4,407.2,422.8,423.2,453.8,468.9,482.8,504.7,536.4,534.2,555.3,547.8,535.3,507.4,511.8,522.2,549,544.5,557.6,581.9,607,617.3,640.6,655.1,645,658.4,669.8,671.7,688.8,696.7,696.3,703.5,712.8,716,728.2,718.7,732.9,739.8,744.5,750.5
19,    Imports,304.3,292.6,279.2,299.2,319.7,322,309.9,319.4,309.5,299.1,309.3,294.9,295.3,318,343.4,358,388,406.5,409.6,416.4,397.3,418.6,414.2,438.9,439.4,444,459.4,468.6,477.7,502.3,517.3,537.5,542.7,546.1,552.8,574.3,586.2,595.4,584.4,598.2,626.8,614.8,630.1,647.3,620.3,613.9,621.7,638.3,645.8,659,677.9,688.5,699.3,716.3,719.3,745,761.8,797.6,833.8,860.6,886.9,908.3,905.8,909.2,936.7,952.8,973.8,992.6,1027.2,1039.7,1070.9,1085.3,1098.2,1109.6,1109.9,1145,1170.1,1218.2,1278.5,1327.7,1406.8,1452.3,1513.7,1517.8,1488.4,1413.9,1365.2,1314.1,1348.6,1423.5,1453.2,1490.6,1513.1,1513.7,1542.4,1606.5,1687.9,1780.3,1824,1910.5,1945,1989.2,2042.3,2143.9,2194.4,2245,2285.7,2263.9,2308.9,2358,2399.6,2466,2571.4,2679.9,2697.2,2311.6,1913.4,1864.5,2002,2152.9,2241.9,2337.3,2404.9,2475.9,2595.8,2695.3,2715.3,2739.1,2784.3,2780.7,2744.5,2745.8,2755.8,2765.4,2776.7,2788.8,2830.8,2887,2875.2,2894.6,2808.9,2799.3,2789.7
20,        Goods,259.7,248.5,234.1,252,270.2,271.8,260.5,268.8,257.6,245.8,257.2,241.5,242.5,262.8,285.9,299.6,322.5,337.9,339.9,345,325.4,344.4,340.5,362.8,357.7,365.1,374.8,382.5,389.5,409.1,422.8,437.7,441.5,445.7,451.1,470.2,482,490.7,477.4,489,510.4,495.8,506.3,519.8,497,491,500.4,514.5,523.5,537.9,553.9,564.5,575.9,590.1,592.1,612.9,627.2,662,695.7,722.3,745.5,764.3,759.7,760.4,784.5,798.4,814.4,832.5,861.5,872,898.4,910.8,920.8,926.9,922.5,952.8,978.5,1024.5,1078.3,1123.5,1194.2,1232.4,1284.1,1295.2,1265.2,1189.6,1145.8,1106.1,1123.6,1197.7,1225.3,1250.7,1275.1,1278.6,1288,1343.1,1410,1493.5,1533.1,1609.7,1642,1682.2,1729.1,1824.2,1855.9,1900.2,1941.6,1900.9,1942.5,1981.9,2015.1,2075.7,2165.2,2264.9,2273.7,1893.6,1524.3,1478.7,1609,1749.1,1838.6,1928.7,1984.2,2047.9,2172.5,2251.7,2263.6,2291.1,2331.4,2322.7,2284.7,2284.6,2294.4,2297.1,2306.3,2309.8,2357.6,2403.8,2392.7,2400,2311.7,2299.9,2285.2
21,        Services,44.7,44.1,45.1,47.2,49.5,50.2,49.4,50.6,51.9,53.3,52.1,53.4,52.7,55.2,57.5,58.4,65.5,68.6,69.7,71.3,71.9,74.1,73.6,76,81.7,78.9,84.7,86.2,88.1,93.3,94.5,99.8,101.2,100.4,101.7,104.1,104.2,104.7,107,109.1,116.4,119,123.8,127.5,123.4,122.9,121.2,123.8,122.4,121.1,124,124,123.4,126.1,127.1,132.1,134.6,135.5,138.1,138.2,141.4,144.1,146.1,148.8,152.2,154.4,159.3,160.2,165.8,167.7,172.5,174.5,177.4,182.7,187.4,192.2,191.6,193.6,200.2,204.2,212.6,219.9,229.6,222.5,223.2,224.3,219.3,208,225,225.8,227.9,239.9,238,235.1,254.4,263.5,277.9,286.9,290.9,300.8,303,307,313.2,319.7,338.5,344.8,344.2,363,366.5,376.2,384.5,390.4,406.1,415,423.5,417.9,389,385.7,393,403.8,403.4,408.6,420.7,428,423.3,443.5,451.7,448,452.9,458,459.9,461.3,461.4,468.2,470.5,479,473.3,483.3,482.5,494.6,497.2,499.5,504.5
22,Government consumption expenditures and gross investment,571.2,586.9,591.8,613.4,636,649,655.2,678.8,687.4,701,714.5,737.2,748.8,761,780.9,772.3,794.2,819.2,832.7,854.7,874.5,898.5,924.6,936.1,944.2,965.8,993,994.8,1008,1025,1036,1054,1057,1070.8,1078.4,1106.4,1116.9,1146.1,1164.6,1180.2,1214,1228.6,1240.4,1270.4,1287.2,1296.6,1302.4,1306.5,1326.9,1338.7,1355.4,1360.5,1351.5,1360.9,1370.6,1381.3,1373.9,1392.4,1424.4,1424.2,1440,1455.6,1457.3,1455.7,1472.9,1492.5,1500.5,1519.8,1532.2,1552.2,1559.8,1572.4,1566.7,1604.4,1628.6,1654.3,1676,1703.7,1740.2,1784.2,1795.1,1828.9,1845,1868.7,1911.9,1958.6,1965.5,1999.1,2048.3,2080.6,2107.7,2143.1,2178,2216.9,2231.2,2257.3,2303.1,2343.6,2381.8,2401.2,2442.2,2469.7,2521.6,2541.3,2592.2,2630.7,2655.4,2690.6,2735.6,2782.5,2824.3,2865.3,2923.8,2983.4,3055.9,3049.7,3035.4,3086.5,3112.5,3122,3135.7,3181.5,3194.7,3184.2,3153.8,3183.8,3176.8,3160.4,3171.6,3159.6,3159.6,3143.5,3119.8,3111.4,3110.7,3115.1,3122.3,3146.3,3177.4,3162.5,3149.5,3179.2,3200.4
23,    Federal,259.7,271,272,286.8,296.5,309.4,312.5,328.5,332.5,339.5,347.6,362.9,370.1,378.8,391.7,380.1,391.1,406.9,409.5,423,432.2,443.8,458.7,462.4,459.7,474.5,492.9,486.4,489.6,499.2,502.2,509.8,504,505.4,505.8,520,517.5,531.8,538.5,537.7,552.6,559.5,558,570,582.9,585.5,580.9,573.7,578.6,582.2,592.7,593,577,575.6,578.9,582,564.4,569,584,573.4,577.6,579.7,576.9,567.3,577.2,582.5,576.9,576.3,572.1,585.7,585.4,586.5,571.5,586.6,584.7,593.6,594.5,601.1,614.6,631.6,618.1,639.3,636.2,636.1,652.5,666.4,674.9,683.3,714.4,733.1,746.2,768.8,789.3,831.4,830.5,848.1,872.5,886.7,906.9,903.3,931.2,938.2,963.1,952.8,995.3,998.7,1000.4,1013.5,1018.3,1040.8,1063.9,1076.1,1110.7,1140.5,1180,1191.2,1182.2,1214.6,1233.2,1240.7,1269.2,1304.6,1321.6,1320.1,1298.1,1314.9,1305.9,1294.9,1300.5,1293.7,1297,1278.9,1250.4,1234.2,1220.4,1217.6,1214.8,1216.9,1233.1,1214.7,1218.2,1220.7,1224.4
24,        National defense,173.3,177.6,180.3,192.6,198.9,208.1,212.1,225.6,230.1,239.3,245.8,255.9,259.3,267.1,271.7,279.2,286.2,292.6,294,305.8,310.9,320.5,333.8,338.7,335.1,347.8,362,351.9,358.7,369.3,376.1,375.7,376.3,378.5,377.6,386.1,379.2,389.5,394.8,391.1,399.8,402.5,398.5,410.1,417.3,417.5,411.9,401.1,400.2,402.8,411.1,404.7,389.6,388.4,390,392.2,373.3,379.2,392.5,376.2,377.6,380.6,376.5,369.5,375.3,380.9,376,373.9,363.8,374.4,372.1,375.5,355.5,368.7,373.8,372.8,370,375.9,387.5,397.4,380.7,397.4,393.5,395.2,403.4,410.3,416.5,420.7,438.7,450.1,459.5,479.1,490.2,526.8,522.7,539.9,554.8,564.7,585.6,575.8,596.8,605,623.4,607.8,633.5,641.4,638.7,655.9,654.5,672.6,690.7,697.1,719.7,741.2,776.6,778.9,760.2,785.4,802.8,804.6,811.9,829.3,846.3,843.5,823.4,844.9,851.5,828,826.4,818.8,821.5,804.6,783.8,772.3,759.2,755.4,746.8,748.4,759.5,738.2,739,740.1,738.3
25,        Nondefense,86.4,93.4,91.6,94.2,97.6,101.3,100.4,102.9,102.4,100.1,101.8,106.9,110.8,111.7,120,100.9,104.9,114.3,115.4,117.2,121.3,123.4,124.9,123.7,124.6,126.7,130.8,134.5,130.9,129.9,126.1,134.1,127.7,127,128.2,133.9,138.3,142.4,143.7,146.5,152.8,157,159.4,159.8,165.6,168,169,172.6,178.4,179.3,181.5,188.3,187.4,187.2,188.9,189.8,191.1,189.8,191.4,197.1,199.9,199.1,200.4,197.7,201.9,201.6,200.9,202.3,208.3,211.3,213.3,211,216,217.9,210.9,220.7,224.5,225.1,227.1,234.2,237.4,241.9,242.7,240.9,249,256.1,258.3,262.6,275.7,283,286.7,289.7,299.1,304.6,307.8,308.2,317.7,322.1,321.3,327.5,334.5,333.1,339.7,344.9,361.9,357.3,361.6,357.6,363.8,368.2,373.2,379,391,399.2,403.3,412.3,422,429.2,430.4,436,457.3,475.2,475.3,476.6,474.7,470,454.5,466.9,474.1,474.9,475.5,474.3,466.6,461.9,461.1,462.2,468,468.4,473.6,476.5,479.2,480.6,486.1
26,    State and local,311.6,315.9,319.8,326.6,339.4,339.6,342.7,350.3,354.9,361.5,366.9,374.4,378.7,382.2,389.2,392.2,403,412.2,423.2,431.7,442.3,454.7,465.9,473.7,484.4,491.3,500.2,508.4,518.4,525.9,533.7,544.2,553,565.4,572.6,586.4,599.3,614.3,626.1,642.5,661.4,669.1,682.4,700.5,704.3,711.1,721.5,732.9,748.3,756.5,762.8,767.5,774.5,785.3,791.7,799.3,809.5,823.4,840.5,850.8,862.4,875.9,880.4,888.5,895.8,910,923.6,943.6,960.1,966.5,974.4,985.9,995.3,1017.8,1043.8,1060.8,1081.5,1102.6,1125.6,1152.7,1177,1189.6,1208.9,1232.6,1259.4,1292.3,1290.6,1315.8,1333.9,1347.6,1361.6,1374.2,1388.7,1385.5,1400.8,1409.3,1430.6,1456.8,1474.9,1497.9,1511,1531.5,1558.4,1588.5,1596.9,1631.9,1655,1677,1717.3,1741.7,1760.5,1789.1,1813.1,1842.9,1875.9,1858.5,1853.1,1871.9,1879.3,1881.3,1866.5,1876.9,1873.1,1864.2,1855.8,1869,1870.9,1865.5,1871,1865.9,1862.6,1864.6,1869.4,1877.2,1890.3,1897.5,1907.5,1929.4,1944.3,1947.8,1931.3,1958.4,1976
