hr6729-112,B001269
hr6729-112,B000208
hr6729-112,B000461
hr6729-112,C000266
hr6729-112,H001059
hr6729-112,L000567
hr6729-112,M001180
hr6729-112,O000168
hr6729-112,T000467
hr6728-112,M000689
hr6728-112,N000147
hr6728-112,R000011
hr6727-112,B000755
hr6727-112,L000263
hr6727-112,M000404
hr6722-112,B000208
hr6722-112,C000984
hr6721-112,A000365
hr6721-112,B001269
hr6721-112,B001273
hr6721-112,B001275
hr6721-112,B001248
hr6721-112,C001083
hr6721-112,C001077
hr6721-112,C001048
hr6721-112,D000604
hr6721-112,F000461
hr6721-112,G000562
hr6721-112,G000564
hr6721-112,G000567
hr6721-112,H001053
hr6721-112,H001058
hr6721-112,J000290
hr6721-112,J000292
hr6721-112,J000255
hr6721-112,L000567
hr6721-112,L000575
hr6721-112,L000566
hr6721-112,L000554
hr6721-112,L000565
hr6721-112,M001158
hr6721-112,M001180
hr6721-112,M001182
hr6721-112,N000185
hr6721-112,P000583
hr6721-112,P000585
hr6721-112,R000585
hr6721-112,R000587
hr6721-112,S001187
hr6721-112,T000467
hr6721-112,W000796
hr6721-112,W000804
hr6726-112,B001256
hr6726-112,B001269
hr6726-112,B001257
hr6726-112,B001273
hr6726-112,B000755
hr6726-112,C001048
hr6726-112,F000459
hr6726-112,F000461
hr6726-112,G000563
hr6726-112,G000568
hr6726-112,H001045
hr6726-112,H001036
hr6726-112,J000255
hr6726-112,K000376
hr6726-112,M001180
hr6726-112,M001182
hr6726-112,N000185
hr6726-112,P000592
hr6726-112,S001186
hr6726-112,W000796
hr6717-112,C001068
hr6717-112,E000288
hr6717-112,G000551
hr6705-112,W000800
hr6702-112,M001163
hr6700-112,C001078
hr6700-112,L000551
hr6696-112,S001183
hr6693-112,F000030
hr6692-112,C001067
hr6692-112,C001061
hr6692-112,L000551
hr6692-112,S001177
hr6692-112,S001145
hr6691-112,C000984
hr6691-112,W000672
hr6690-112,B000652
hr6690-112,B001259
hr6690-112,G000567
hr6690-112,K000362
hr6690-112,L000566
hr6690-112,L000565
hr6690-112,M001150
hr6690-112,S001187
hr6690-112,T000462
hr6690-112,W000798
hr6690-112,W000809
hr6688-112,B001243
hr6688-112,B001262
hr6688-112,C001048
hr6688-112,F000456
hr6688-112,F000461
hr6688-112,G000548
hr6688-112,G000563
hr6688-112,G000560
hr6688-112,G000567
hr6688-112,H001053
hr6688-112,H001057
hr6688-112,L000569
hr6688-112,M001182
hr6688-112,M001134
hr6688-112,O000168
hr6688-112,P000588
hr6688-112,P000591
hr6688-112,R000582
hr6688-112,S001176
hr6688-112,S001183
hr6688-112,S001188
hr6688-112,W000798
hr6687-112,N000015
hr6683-112,A000022
hr6683-112,A000210
hr6683-112,C001069
hr6683-112,C001038
hr6683-112,D000216
hr6683-112,E000179
hr6683-112,F000372
hr6683-112,G000548
hr6683-112,G000569
hr6683-112,H001038
hr6683-112,H001032
hr6683-112,I000057
hr6683-112,L000567
hr6683-112,L000559
hr6683-112,L000557
hr6683-112,L000554
hr6683-112,L000480
hr6683-112,P000034
hr6683-112,P000604
hr6683-112,R000053
hr6683-112,R000585
hr6683-112,R000594
hr6683-112,S001165
hr6683-112,S000522
hr6683-112,T000326
hr6683-112,T000471
hr6682-112,D000399
hr6681-112,A000022
hr6681-112,B001257
hr6681-112,B001242
hr6681-112,B001276
hr6681-112,C001067
hr6681-112,C001038
hr6681-112,E000179
hr6681-112,G000564
hr6681-112,G000569
hr6681-112,H001051
hr6681-112,H001054
hr6681-112,H001038
hr6681-112,H000627
hr6681-112,H001062
hr6681-112,I000057
hr6681-112,K000210
hr6681-112,L000480
hr6681-112,M000087
hr6681-112,M000309
hr6681-112,M001137
hr6681-112,N000002
hr6681-112,O000169
hr6681-112,R000053
hr6681-112,S000248
hr6681-112,S000480
hr6681-112,T000469
hr6681-112,T000326
hr6681-112,T000471
hr6681-112,V000081
hr6677-112,S000185
hr6672-112,B001248
hr6672-112,E000215
hr6672-112,G000410
hr6672-112,P000034
hr6672-112,P000373
hr6672-112,T000326
hr6672-112,U000031
hr6672-112,W000215
hr6671-112,C001080
hr6671-112,C000556
hr6671-112,E000215
hr6671-112,I000056
hr6671-112,L000567
hr6671-112,L000397
hr6671-112,P000595
hr6671-112,P000373
hr6671-112,S001156
hr6671-112,S000244
hr6670-112,G000551
hr6670-112,H001032
hr6670-112,L000570
hr6670-112,N000179
hr6670-112,S001177
