A000022,94.4,7,217,9.6,33,19,8.5,35.77,45.37,44.76,54.51,84.88,
A000055,93.6,19,264,3.8,19,27,9.5,46.62,47.05,45.64,55.96,94.02,
A000069,94.4,32,182,2.0,39,9,4.2,43.32,48.88,44.11,48.28,96.85,
A000210,94.1,34,398,3.0,26,23,5.3,48.19,49.17,48.14,49.88,95.28,
A000358,96.0,10,166,21.1,15,10,5.7,18.53,45.79,43.81,50.46,66.77,
A000360,87.4,53,319,3.6,13,16,4.3,47.74,51.84,46.67,48.43,94.33,
A000361,93.0,12,184,2.7,13,18,9.2,44.80,46.07,44.15,55.53,95.75,
A000362,64.7,16,197,0.6,9,14,6.6,45.36,46.63,44.39,51.76,99.06,
A000365,93.7,2,172,4.8,7,12,6.9,37.97,44.66,43.92,52.19,92.44,
A000366,94.9,6,121,0.0,5,15,11.8,48.54,45.22,42.97,59.29,100.00,
A000367,77.7,15,162,0.0,5,5,2.8,41.04,46.49,43.74,46.25,100.00,
A000368,84.9,70,575,0.3,5,22,3.4,61.86,54.23,51.44,47.12,99.53,
A000369,94.6,41,592,6.9,5,25,3.9,47.24,50.15,51.76,47.85,89.13,
A000370,99.0,9,127,10.1,2,2,1.5,34.19,48.18,47.82,44.37,84.09,
A000371,92.0,3,134,5.2,1,3,2.2,38.33,45.65,48.21,45.39,91.81,
A000372,97.8,2,155,0.4,1,3,1.9,44.53,45.22,49.39,44.95,99.37,
A000373,78.7,2,208,1.0,1,7,3.3,48.69,45.22,52.36,46.98,98.43,
A000374,96.4,10,168,0.3,1,2,1.1,48.41,48.60,50.12,43.79,99.53,
B000013,93.5,12,430,3.2,23,35,7.9,47.96,46.07,48.74,53.64,94.96,
B000208,89.5,8,272,2.7,23,13,4.6,41.01,45.51,45.79,48.86,95.75,
B000213,93.7,18,361,4.8,31,39,10.3,48.18,46.91,47.45,57.12,92.44,
B000220,83.4,9,94,2.2,21,14,13.6,47.81,45.65,42.47,61.90,96.54,
B000243,87.5,84,143,0.2,41,5,2.2,50.95,56.21,43.38,45.39,99.69,
B000287,96.0,8,213,3.9,23,31,14.0,48.58,45.51,44.69,62.48,93.86,
B000410,95.2,18,210,6.3,33,23,10.1,43.02,46.91,44.63,56.83,90.08,
B000461,90.4,25,213,4.0,21,19,8.0,44.63,47.90,44.69,53.79,93.70,
B000468,95.3,54,109,0.8,33,5,3.1,45.49,51.98,42.75,46.69,98.74,
B000490,84.7,33,527,4.4,23,37,6.6,50.68,49.03,50.55,51.76,93.07,
B000574,93.6,78,1291,4.8,20,34,2.5,75.46,55.36,64.80,45.82,92.44,
B000575,87.6,56,656,2.2,19,31,4.4,59.59,52.26,52.95,48.57,96.54,
B000589,91.3,3,3,0.0,25,0,0.0,32.75,44.80,40.77,42.20,100.00,
B000652,83.8,14,309,1.0,19,13,4.0,44.10,46.35,46.48,47.99,98.43,
B000711,95.6,151,628,6.2,33,21,2.7,70.30,65.64,52.43,46.11,90.24,
B000755,95.4,49,379,4.1,19,42,9.8,55.10,51.28,47.78,56.39,93.54,
B000911,94.9,20,808,5.3,23,42,5.1,52.24,47.20,55.79,49.59,91.65,
B000944,95.0,209,694,1.1,23,25,2.8,93.00,73.80,53.66,46.25,98.27,
B001135,91.5,73,443,1.9,21,23,4.5,57.80,54.66,48.98,48.72,97.01,
B001149,93.6,43,358,10.4,33,15,3.7,38.28,50.43,47.39,47.56,83.62,
B001227,96.6,11,627,2.5,18,36,5.6,50.37,45.93,52.41,50.31,96.06,
B001228,93.1,11,99,4.8,18,18,16.4,48.20,45.93,42.56,65.95,92.44,
B001230,95.1,59,610,2.2,17,16,2.4,55.97,52.69,52.10,45.68,96.54,
B001231,90.6,13,271,1.8,17,14,4.9,43.17,46.21,45.77,49.30,97.17,
B001232,89.0,31,143,0.8,17,16,9.2,49.20,48.74,43.38,55.53,98.74,
B001234,92.2,37,240,7.6,17,21,7.6,42.40,49.59,45.19,53.21,88.03,
B001236,92.0,39,550,2.1,15,17,2.9,50.86,49.87,50.98,46.40,96.69,
B001242,94.5,40,577,2.5,13,45,7.3,57.69,50.01,51.48,52.77,96.06,
B001243,95.2,71,876,1.7,13,35,3.7,68.86,54.38,57.06,47.56,97.32,
B001244,93.5,34,208,4.4,13,17,7.0,44.39,49.17,44.59,52.34,93.07,
B001245,N/A,25,754,N/A,13,39,5.0,20.56,47.90,54.78,49.44,N/A,
B001248,91.8,90,553,1.4,13,48,7.5,69.83,57.05,51.03,53.06,97.80,
B001250,94.0,31,574,5.1,13,23,3.8,47.30,48.74,51.42,47.70,91.97,
B001251,94.3,30,558,5.6,12,29,4.9,47.41,48.60,51.12,49.30,91.18,
B001252,67.2,27,316,0.1,11,24,7.0,50.86,48.18,46.61,52.34,99.84,
B001254,50.7,12,257,5.2,11,16,5.9,39.78,46.07,45.51,50.75,91.81,
B001255,95.3,72,573,1.2,11,42,6.5,65.37,54.52,51.40,51.61,98.11,
B001256,93.1,22,400,20.3,9,20,4.7,25.21,47.48,48.18,49.01,68.03,
B001257,95.5,65,507,2.2,9,44,7.7,62.15,53.53,50.17,53.35,96.54,
B001259,92.4,62,468,4.1,9,27,5.1,53.50,53.11,49.45,49.59,93.54,
B001260,94.4,28,393,3.3,9,39,9.3,51.53,48.32,48.05,55.67,94.80,
B001261,91.4,74,413,1.2,9,10,2.1,54.74,54.80,48.42,45.24,98.11,
B001262,86.3,29,482,3.9,9,18,3.5,46.14,48.46,49.71,47.27,93.86,
B001265,90.3,138,691,2.5,7,21,2.5,74.95,63.81,53.61,45.82,96.06,
B001267,92.6,83,459,0.7,7,19,3.5,60.86,56.06,49.28,47.27,98.90,
B001268,64.9,36,190,0.3,6,9,4.0,45.91,49.45,44.26,47.99,99.53,
B001269,92.4,38,629,2.8,5,35,5.2,55.16,49.73,52.45,49.73,95.59,
B001270,95.9,31,702,9.6,5,43,5.9,46.95,48.74,53.81,50.75,84.88,
B001271,91.9,37,646,1.4,5,35,5.1,57.53,49.59,52.77,49.59,97.80,
B001272,93.4,6,140,2.4,5,12,8.2,42.19,45.22,43.32,54.08,96.22,
B001273,96.4,66,614,2.4,5,33,4.9,60.96,53.67,52.17,49.30,96.22,
B001274,92.5,16,553,0.7,5,28,4.9,51.19,46.63,51.03,49.30,98.90,
B001275,95.9,24,488,1.1,5,28,5.5,51.30,47.76,49.82,50.17,98.27,
B001276,95.4,15,161,2.2,5,20,11.4,47.78,46.49,43.72,58.71,96.54,
B001277,96.0,139,932,1.6,5,23,2.1,82.89,63.95,58.10,45.24,97.48,
B001278,96.8,28,599,0.6,4,16,2.6,63.40,50.29,57.48,45.97,99.06,
B001279,78.9,15,261,2.7,4,21,7.6,49.09,47.55,48.02,53.21,95.75,
B001280,92.9,13,242,0.5,3,13,5.1,47.89,47.13,47.49,49.59,99.21,
B001281,97.2,24,538,1.6,3,19,3.4,59.08,49.45,55.77,47.12,97.48,
B001282,95.9,28,386,0.6,3,15,3.6,55.77,50.29,51.52,47.41,99.06,
B001283,93.2,11,308,1.0,3,10,3.1,46.73,46.70,49.33,46.69,98.43,
B001284,95.9,13,346,0.9,3,21,5.8,51.98,47.13,50.40,50.60,98.58,
B001285,92.6,30,644,0.6,3,29,4.3,68.48,50.72,58.74,48.43,99.06,
B001286,89.5,19,455,1.3,3,25,5.3,57.20,48.39,53.45,49.88,97.95,
B001287,90.6,10,316,1.2,3,20,6.1,49.77,46.49,49.56,51.03,98.11,
B001288,96.6,34,256,0.7,3,8,2.8,50.80,51.56,47.88,46.25,98.90,
B001289,97.1,9,239,4.6,2,12,4.8,51.83,48.18,54.09,49.15,92.76,
B001290,91.9,8,106,1.4,2,4,3.5,44.85,47.76,46.65,47.27,97.80,
B001291,96.0,8,230,0.6,1,5,2.1,52.85,47.76,53.59,45.24,99.06,
B001292,97.2,8,243,3.4,1,5,2.0,49.50,47.76,54.32,45.10,94.65,
B001293,95.8,2,161,0.7,1,3,1.8,44.45,45.22,49.73,44.81,98.90,
B001294,92.1,7,146,2.1,1,3,2.0,44.44,47.34,48.89,45.10,96.69,
B001295,92.2,4,127,1.0,1,3,2.3,43.44,46.07,47.82,45.53,98.43,
B001296,96.2,5,158,6.3,1,1,0.6,37.75,46.49,49.56,43.07,90.08,
B001297,91.2,6,94,8.8,1,1,1.0,31.67,46.91,45.97,43.65,86.14,
C000059,93.7,33,545,1.2,23,49,8.5,59.13,49.03,50.88,54.51,98.11,
C000071,94.7,38,117,1.2,25,34,21.9,67.78,49.73,42.90,73.92,98.11,
C000127,94.9,81,372,0.3,23,11,2.4,56.97,55.78,47.65,45.68,99.53,
C000141,97.3,123,520,0.3,29,16,2.5,70.37,61.70,50.42,45.82,99.53,
C000174,91.6,79,247,0.4,33,22,6.7,59.16,55.50,45.32,51.90,99.37,
C000266,94.9,49,657,0.1,21,38,5.4,62.96,51.28,52.97,50.02,99.84,
C000286,90.0,9,391,5.9,21,13,3.2,38.36,45.65,48.01,46.83,90.71,
C000380,N/A,32,454,N/A,19,21,4.3,13.11,48.88,49.18,48.43,N/A,
C000537,94.0,12,169,4.5,23,16,8.8,41.92,46.07,43.87,54.95,92.91,
C000542,90.7,28,296,0.9,35,9,2.8,44.86,48.32,46.24,46.25,98.58,
C000556,93.7,33,518,13.6,31,36,6.5,39.32,49.03,50.38,51.61,78.58,
C000560,82.3,51,308,9.8,21,9,2.5,37.90,51.56,46.46,45.82,84.57,
C000567,85.3,27,428,2.2,43,12,2.6,45.72,48.18,48.70,45.97,96.54,
C000705,92.1,18,84,2.0,29,3,2.9,37.62,46.91,42.28,46.40,96.85,
C000714,93.6,94,1379,5.4,51,48,3.3,81.63,57.61,66.44,46.98,91.50,
C000754,84.2,22,341,1.0,33,25,6.9,49.19,47.48,47.08,52.19,98.43,
C000794,80.3,7,145,8.6,29,14,9.2,36.21,45.37,43.42,55.53,86.46,
C000880,87.9,51,517,1.1,23,13,2.3,53.22,51.56,50.36,45.53,98.27,
C000984,96.2,48,697,2.3,20,29,3.9,58.14,51.14,53.72,47.85,96.38,
C001035,67.3,92,664,0.0,19,26,3.4,69.62,57.33,53.10,47.12,100.00,
C001036,96.8,68,711,2.5,18,40,5.1,64.29,53.95,53.98,49.59,96.06,
C001037,94.5,49,690,3.9,17,27,3.7,55.29,51.28,53.59,47.56,93.86,
C001038,96.4,36,488,3.1,17,49,9.4,56.43,49.45,49.82,55.81,95.12,
C001045,93.3,12,387,1.3,15,37,9.3,51.13,46.07,47.93,55.67,97.95,
C001046,95.6,8,0,8.0,15,4,50.0,48.65,45.51,40.71,75.00,87.40,
C001047,92.6,53,524,2.3,15,37,6.4,57.97,51.84,50.49,51.47,96.38,
C001048,94.7,26,434,9.6,15,43,9.3,44.22,48.04,48.81,55.67,84.88,
C001049,95.1,44,756,5.1,15,37,4.6,55.50,50.57,54.82,48.86,91.97,
C001050,72.9,4,117,23.9,13,16,13.2,21.39,44.94,42.90,61.32,62.36,
C001051,94.5,29,505,4.4,13,42,7.9,51.11,48.46,50.14,53.64,93.07,
C001053,92.8,31,680,2.2,13,47,6.6,58.14,48.74,53.40,51.76,96.54,
C001056,90.6,95,468,1.3,14,12,2.1,60.67,57.75,49.45,45.24,97.95,
C001058,74.6,3,127,2.4,12,8,6.2,39.26,44.80,43.08,51.18,96.22,
C001059,72.5,30,455,4.4,11,38,7.8,49.82,48.60,49.20,53.50,93.07,
C001060,95.4,26,305,3.0,11,21,6.3,46.05,48.04,46.40,51.32,95.28,
C001061,95.2,33,522,9.3,11,41,7.4,45.47,49.03,50.45,52.92,85.35,
C001062,96.0,17,516,0.4,11,42,7.9,55.26,46.77,50.34,53.64,99.37,
C001063,76.0,19,320,1.6,11,36,10.6,52.16,47.05,46.68,57.55,97.48,
C001064,89.0,19,225,31.1,11,29,11.9,16.11,47.05,44.91,59.44,51.02,
C001066,96.0,20,602,4.5,9,33,5.3,48.48,47.20,51.95,49.88,92.91,
C001067,94.6,17,870,4.3,9,45,5.1,54.97,46.77,56.95,49.59,93.23,
C001068,95.0,92,1373,2.8,9,46,3.1,84.90,57.33,66.33,46.69,95.59,
C001069,94.7,38,816,1.5,9,41,4.8,61.99,49.73,55.94,49.15,97.64,
C001070,93.2,303,532,0.7,9,21,2.5,90.41,75.00,50.64,45.82,98.90,
C001071,87.2,27,181,2.1,9,12,5.8,44.12,48.18,44.09,50.60,96.69,
C001072,94.4,37,858,3.0,8,35,3.9,59.24,49.59,56.72,47.85,95.28,
C001075,94.5,72,414,3.6,7,26,5.3,55.21,54.52,48.44,49.88,94.33,
C001076,93.6,75,422,5.0,7,27,5.4,53.99,54.94,48.59,50.02,92.13,
C001077,93.1,44,731,0.8,7,38,4.9,62.13,50.57,54.35,49.30,98.74,
C001078,93.2,67,1112,0.4,7,48,4.1,77.41,53.81,61.46,48.14,99.37,
C001080,96.2,26,1142,4.4,7,44,3.8,62.58,48.04,62.02,47.70,93.07,
C001081,77.0,6,199,0.9,6,13,6.3,43.14,45.22,44.43,51.32,98.58,
C001082,95.8,8,256,1.6,5,21,8.0,45.67,45.51,45.49,53.79,97.48,
C001083,92.5,62,378,2.8,5,22,5.0,52.87,53.11,47.77,49.44,95.59,
C001084,96.7,50,1042,1.8,5,36,3.3,68.33,51.42,60.16,46.98,97.17,
C001085,95.1,26,245,0.6,5,12,4.4,45.56,48.04,45.28,48.57,99.06,
C001086,93.5,9,147,0.9,5,19,12.2,48.94,45.65,43.46,59.87,98.58,
C001087,94.9,37,492,3.9,5,32,6.0,50.46,49.59,49.89,50.89,93.86,
C001088,95.8,66,678,1.8,6,25,3.4,61.53,53.67,53.36,47.12,97.17,
C001089,97.8,0,5,0.0,4,0,0.0,32.37,44.38,40.85,42.20,100.00,
C001090,96.3,92,1001,1.2,3,26,2.4,100.00,63.81,68.73,45.68,98.11,
C001091,96.2,17,160,4.4,3,19,10.7,47.74,47.97,45.19,57.70,93.07,
C001092,94.9,20,429,1.7,3,33,7.3,58.72,48.60,52.72,52.77,97.32,
C001093,95.6,28,262,3.0,3,11,3.8,47.72,50.29,48.05,47.70,95.28,
C001094,95.4,24,348,0.8,3,26,7.0,57.55,49.45,50.45,52.34,98.74,
C001095,95.1,17,389,0.8,3,14,3.4,51.73,47.97,51.60,47.12,98.74,
C001096,94.3,11,578,4.2,3,34,5.8,55.97,46.70,56.89,50.60,93.39,
C001097,95.1,33,577,5.5,3,31,5.1,59.90,51.35,56.86,49.59,91.34,
C001098,82.2,53,180,16.8,3,5,2.1,32.91,55.57,45.75,45.24,73.54,
C001101,96.2,12,477,2.7,3,8,1.6,48.65,46.91,54.06,44.52,95.75,
C001102,92.3,12,117,7.0,2,8,6.2,43.76,49.45,47.26,51.18,88.98,
C001103,96.4,8,185,0.4,1,2,1.0,48.30,47.76,51.07,43.65,99.37,
C001105,92.0,3,152,1.5,1,9,5.8,47.76,45.65,49.22,50.60,97.64,
C001106,86.5,3,207,1.0,1,8,3.8,49.65,45.65,52.30,47.70,98.43,
C001107,83.0,10,174,2.1,1,7,3.8,49.59,48.60,50.45,47.70,96.69,
D000096,95.4,27,625,6.7,19,25,3.8,45.84,48.18,52.38,47.70,89.45,
D000191,90.9,67,888,4.2,29,33,3.5,64.04,53.81,57.28,47.27,93.39,
D000197,96.6,34,539,3.0,19,19,3.3,48.98,49.17,50.77,46.98,95.28,
D000216,97.0,90,742,2.7,25,28,3.4,67.08,57.05,54.56,47.12,95.75,
D000327,93.0,4,81,5.1,39,8,9.4,38.74,44.94,42.22,55.81,91.97,
D000355,93.2,7,275,6.6,61,23,8.2,40.22,45.37,45.84,54.08,89.61,
D000399,94.6,38,483,2.1,21,38,7.3,55.22,49.73,49.73,52.77,96.69,
D000482,94.7,13,499,4.4,21,31,6.1,46.20,46.21,50.02,51.03,93.07,
D000492,93.6,7,48,1.2,35,12,21.8,58.99,45.37,41.61,73.78,98.11,
D000533,85.5,23,680,0.9,28,35,5.0,56.15,47.62,53.40,49.44,98.58,
D000563,96.4,125,630,0.5,33,21,2.8,74.06,61.98,52.47,46.25,99.21,
D000595,77.1,31,83,3.7,17,2,1.8,36.45,48.74,42.26,44.81,94.17,
D000598,95.9,54,630,1.2,15,37,5.4,61.50,51.98,52.47,50.02,98.11,
D000600,90.9,7,374,5.1,13,41,10.8,46.90,45.37,47.69,57.84,91.97,
D000604,88.5,38,403,0.2,11,32,7.3,55.99,49.73,48.23,52.77,99.69,
D000607,72.5,28,259,3.7,9,22,7.7,46.10,48.32,45.55,53.35,94.17,
D000610,96.3,48,736,5.3,6,46,5.9,57.39,51.14,54.45,50.75,91.65,
D000612,93.5,38,361,1.4,5,44,11.0,58.33,49.73,47.45,58.13,97.80,
D000613,82.0,44,360,1.7,5,23,5.7,51.29,50.57,47.43,50.46,97.32,
D000614,94.3,48,371,2.8,5,23,5.5,50.40,51.14,47.64,50.17,95.59,
D000615,91.9,26,762,1.3,5,27,3.4,56.13,48.04,54.93,47.12,97.95,
D000616,94.3,14,481,5.4,5,29,5.9,44.57,46.35,49.69,50.75,91.50,
D000617,94.7,21,548,0.4,4,19,3.3,60.32,48.81,56.05,46.98,99.37,
D000618,93.4,41,298,0.7,3,22,6.5,60.32,53.04,49.05,51.61,98.90,
D000619,91.5,26,535,2.4,3,27,4.8,60.38,49.87,55.69,49.15,96.22,
D000620,92.9,18,424,1.9,3,14,3.2,51.49,48.18,52.58,46.83,97.01,
D000621,94.9,18,262,1.0,3,20,7.1,51.76,48.18,48.05,52.48,98.43,
D000622,92.8,17,388,7.4,3,21,5.2,45.40,47.97,51.57,49.73,88.35,
D000623,98.5,6,270,1.3,1,5,1.8,53.41,46.91,55.83,44.81,97.95,
D000624,98.3,4,130,3.4,1,2,1.5,39.92,46.07,47.99,44.37,94.65,
D000625,88.3,3,69,4.3,1,4,5.6,39.00,45.65,44.58,50.31,93.23,
E000172,90.7,12,158,3.9,19,16,9.4,43.05,46.07,43.66,55.81,93.86,
E000179,95.0,66,626,6.7,27,50,7.2,57.80,53.67,52.39,52.63,89.45,
E000215,95.3,21,807,3.2,23,46,5.6,56.53,47.34,55.77,50.31,94.96,
E000285,90.1,58,518,2.3,19,16,2.8,53.56,52.55,50.38,46.25,96.38,
E000288,94.8,85,1280,6.4,9,35,2.6,74.23,56.35,64.60,45.97,89.92,
E000290,94.8,27,676,2.3,8,27,3.8,52.87,48.18,53.33,47.70,96.38,
E000291,95.4,48,632,2.8,5,35,5.1,57.25,51.14,52.51,49.59,95.59,
E000292,88.9,7,428,2.8,3,22,5.1,49.61,45.86,52.69,49.59,95.59,
E000293,95.3,28,554,1.3,3,27,4.6,63.31,50.29,56.22,48.86,97.95,
E000294,93.1,9,152,0.6,1,2,1.2,46.68,48.18,49.22,43.94,99.06,
E000295,94.6,7,79,0.0,1,1,1.2,41.83,47.34,45.13,43.94,100.00,
F000010,N/A,14,208,N/A,27,13,5.9,5.25,46.35,44.59,50.75,N/A,
F000030,94.7,13,883,2.6,23,41,4.6,56.47,46.21,57.19,48.86,95.91,
F000043,95.7,35,531,4.3,21,25,4.4,48.63,49.31,50.62,48.57,93.23,
F000062,94.7,209,531,3.8,24,23,3.1,84.46,73.80,50.62,46.69,94.02,
F000116,94.3,59,598,47.5,23,18,2.7,10.71,52.69,51.87,46.11,38.28,
F000339,92.9,30,286,4.4,35,13,4.1,42.24,48.60,46.05,48.14,93.07,
F000372,91.5,22,291,3.8,21,26,8.3,46.35,47.48,46.14,54.22,94.02,
F000444,87.8,67,342,3.8,15,12,2.9,48.69,53.81,47.09,46.40,94.02,
F000445,95.3,26,597,1.6,15,32,5.1,53.45,48.04,51.85,49.59,97.48,
F000448,93.4,31,849,2.8,13,37,4.2,58.46,48.74,56.55,48.28,95.59,
F000449,91.1,44,417,3.2,11,25,5.4,50.06,50.57,48.49,50.02,94.96,
F000450,94.1,28,241,0.2,11,13,4.8,46.70,48.32,45.21,49.15,99.69,
F000451,84.3,71,670,1.3,11,37,5.0,65.55,54.38,53.21,49.44,97.95,
F000454,92.4,25,310,0.9,8,17,5.1,47.18,47.90,46.50,49.59,98.58,
F000455,94.9,41,651,3.3,8,27,3.9,53.72,50.15,52.86,47.85,94.80,
F000456,95.0,30,442,0.7,7,20,4.2,50.00,48.60,48.96,48.28,98.90,
F000457,96.3,92,836,0.7,7,17,1.8,71.04,57.33,56.31,44.81,98.90,
F000458,95.7,40,456,5.6,5,28,5.6,47.61,50.01,49.22,50.31,91.18,
F000459,96.1,14,349,1.5,5,23,6.3,46.85,46.35,47.22,51.32,97.64,
F000460,95.2,31,753,0.8,5,55,7.0,63.06,48.74,54.76,52.34,98.74,
F000461,96.3,31,603,2.4,5,38,6.0,54.74,48.74,51.96,50.89,96.22,
F000462,96.8,10,451,2.2,3,22,4.8,51.94,46.49,53.34,49.15,96.54,
F000463,95.0,41,236,0.0,3,12,4.3,55.54,53.04,47.32,48.43,100.00,
G000021,94.2,16,182,8.4,29,27,13.6,43.44,46.63,44.11,61.90,86.77,
G000289,94.4,37,445,1.0,23,29,6.0,53.77,49.59,49.02,50.89,98.43,
G000359,85.8,29,360,11.6,21,13,3.3,34.25,48.46,47.43,46.98,81.73,
G000377,94.4,12,302,4.2,19,38,12.1,48.66,46.07,46.35,59.73,93.39,
G000386,89.8,94,454,0.0,41,21,3.8,64.65,57.61,49.18,47.70,100.00,
G000410,83.4,50,659,3.4,23,49,6.9,60.15,51.42,53.01,52.19,94.65,
G000535,94.8,8,621,16.7,23,20,3.2,30.26,45.51,52.30,46.83,73.70,
G000544,88.1,8,171,4.6,17,15,8.4,40.77,45.51,43.90,54.37,92.76,
G000546,95.7,71,475,5.6,15,42,7.7,57.07,54.38,49.58,53.35,91.18,
G000548,91.9,53,320,1.6,13,23,6.2,52.98,51.84,46.68,51.18,97.48,
G000549,88.9,74,393,1.9,13,35,7.5,61.02,54.80,48.05,53.06,97.01,
G000550,94.7,40,359,7.7,13,19,4.8,42.22,50.01,47.41,49.15,87.87,
G000551,93.7,87,1821,6.8,13,48,2.5,89.30,56.63,74.69,45.82,89.29,
G000552,90.2,25,479,6.2,11,35,6.9,46.42,47.90,49.65,52.19,90.24,
G000553,93.1,37,478,3.8,11,33,6.4,50.81,49.59,49.63,51.47,94.02,
G000555,95.8,157,875,0.7,9,21,2.0,86.43,66.48,57.04,45.10,98.90,
G000556,94.0,150,410,3.5,7,18,3.2,68.94,65.50,48.36,46.83,94.49,
G000558,96.2,39,562,0.8,7,29,4.8,56.09,49.87,51.20,49.15,98.74,
G000559,92.7,22,740,3.3,7,45,5.9,55.12,47.48,54.52,50.75,94.80,
G000560,92.7,10,316,1.3,6,16,4.9,44.23,45.79,46.61,49.30,97.95,
G000562,94.5,50,441,1.7,5,30,6.1,55.48,51.42,48.94,51.03,97.32,
G000563,96.4,10,487,0.7,5,28,5.6,49.30,45.79,49.80,50.31,98.90,
G000564,75.3,44,646,0.8,5,61,8.8,65.46,50.57,52.77,54.95,98.74,
G000565,92.9,72,702,8.1,5,39,5.0,55.76,54.52,53.81,49.44,87.24,
G000566,94.4,12,363,2.4,5,25,6.7,46.20,46.07,47.49,51.90,96.22,
G000567,96.1,38,684,1.5,5,51,7.1,61.62,49.73,53.48,52.48,97.64,
G000568,90.0,38,360,1.1,5,22,5.5,50.66,49.73,47.43,50.17,98.27,
G000569,89.4,49,533,4.2,5,57,9.8,59.34,51.28,50.66,56.39,93.39,
G000570,95.4,22,255,2.2,5,13,4.7,43.57,47.48,45.47,49.01,96.54,
G000571,93.3,18,353,2.6,3,18,4.9,49.88,48.18,50.59,49.30,95.91,
G000572,80.8,8,163,1.8,3,14,8.2,46.05,46.07,45.27,54.08,97.17,
G000573,87.0,11,201,3.6,3,21,9.9,47.68,46.70,46.34,56.54,94.33,
G000574,98.9,6,132,0.6,1,3,2.2,45.07,46.91,48.10,45.39,99.06,
G000575,84.3,6,85,0.1,1,4,4.4,45.09,46.91,45.47,48.57,99.84,
G000576,94.2,6,201,1.1,1,3,1.4,47.96,46.91,51.96,44.23,98.27,
G000577,95.9,6,53,0.4,1,2,3.4,41.63,46.91,43.68,47.12,99.37,
H000067,94.6,26,349,4.3,35,37,9.9,49.36,48.04,47.22,56.54,93.23,
H000206,94.9,99,359,2.7,41,18,3.9,58.83,58.32,47.41,47.85,95.75,
H000324,95.5,39,1307,4.8,23,45,3.3,68.70,49.87,65.10,46.98,92.44,
H000329,94.1,42,147,4.3,21,12,6.3,43.73,50.29,43.46,51.32,93.23,
H000338,88.5,138,398,4.2,39,15,2.8,64.30,63.81,48.14,46.25,93.39,
H000528,96.0,22,170,4.8,29,15,7.8,42.08,47.48,43.88,53.50,92.44,
H000627,93.5,13,414,22.4,23,19,4.4,21.27,46.21,48.44,48.57,64.73,
H000636,91.7,28,666,15.6,19,41,5.9,38.62,48.32,53.14,50.75,75.43,
H000712,76.3,2,210,9.6,23,15,7.1,33.31,44.66,44.63,52.48,84.88,
H000874,95.5,6,130,3.9,35,16,11.8,44.12,45.22,43.14,59.29,93.86,
H001016,87.6,26,157,7.1,23,3,1.6,32.98,48.04,43.64,44.52,88.82,
H001032,94.5,60,845,6.3,17,33,3.6,58.08,52.83,56.48,47.41,90.08,
H001034,94.8,91,1420,5.2,15,45,3.0,82.03,57.19,67.21,46.54,91.81,
H001036,95.6,5,395,0.4,13,25,6.2,47.58,45.08,48.08,51.18,99.37,
H001038,95.8,36,671,3.1,11,46,6.5,57.37,49.45,53.23,51.61,95.12,
H001041,80.6,121,510,3.5,9,15,2.4,64.37,61.41,50.23,45.68,94.49,
H001042,96.4,75,724,10.2,9,26,3.3,51.16,54.94,54.22,46.98,83.94,
H001045,94.7,33,523,1.4,7,38,6.8,55.67,49.03,50.47,52.05,97.80,
H001046,92.4,45,567,4.1,7,22,3.6,50.46,50.72,51.29,47.41,93.54,
H001047,92.5,31,606,0.9,7,27,4.2,54.58,48.74,52.02,48.28,98.58,
H001048,95.2,58,504,3.0,7,51,9.1,61.34,52.55,50.12,55.38,95.28,
H001049,89.7,138,260,1.1,7,12,3.0,65.64,63.81,45.56,46.54,98.27,
H001050,95.4,14,378,5.6,5,24,6.1,42.39,46.35,47.77,51.03,91.18,
H001051,86.9,32,787,4.9,5,65,7.9,59.00,48.88,55.40,53.64,92.28,
H001052,92.2,24,571,1.1,5,23,3.9,51.31,47.76,51.37,47.85,98.27,
H001053,96.0,16,613,2.9,5,42,6.7,52.03,46.63,52.15,51.90,95.43,
H001054,88.2,8,155,0.8,5,22,13.5,50.65,45.51,43.60,61.75,98.74,
H001055,91.1,44,505,1.1,5,29,5.3,55.79,50.57,50.14,49.88,98.27,
H001056,90.4,14,302,13.3,5,27,8.5,34.30,46.35,46.35,54.51,79.06,
H001057,90.1,40,506,0.8,5,16,2.9,51.90,50.01,50.15,46.40,98.74,
H001058,94.2,43,596,2.0,5,31,4.9,56.14,50.43,51.83,49.30,96.85,
H001059,94.7,35,542,0.9,5,35,6.1,56.42,49.31,50.83,51.03,98.58,
H001060,95.1,21,274,2.2,5,21,7.1,46.42,47.34,45.83,52.48,96.54,
H001061,87.0,44,341,0.4,5,10,2.6,48.71,50.57,47.08,45.97,99.37,
H001062,82.5,17,103,0.2,5,17,14.2,53.10,46.77,42.63,62.77,99.69,
H001063,96.1,38,645,2.4,5,36,5.3,56.41,49.73,52.75,49.88,96.22,
H001064,95.9,12,369,2.3,3,17,4.5,48.88,46.91,51.04,48.72,96.38,
H001065,96.2,11,214,1.0,3,22,9.8,51.43,46.70,46.70,56.39,98.43,
H001066,95.4,12,191,15.6,3,11,5.4,28.51,46.91,46.06,50.02,75.43,
H001067,95.2,19,307,5.3,3,28,8.6,49.50,48.39,49.31,54.66,91.65,
H001068,95.5,30,788,2.4,3,27,3.3,70.28,50.72,62.77,46.98,96.22,
H001069,84.2,26,267,0.5,3,10,3.4,49.92,49.87,48.19,47.12,99.21,
H001070,94.2,9,95,0.1,1,3,2.9,45.52,48.18,46.03,46.40,99.84,
H001071,93.9,8,113,1.3,1,2,1.7,43.46,47.76,47.04,44.66,97.95,
H001072,97.4,4,110,0.3,1,2,1.8,42.65,46.07,46.87,44.81,99.53,
H001073,96.4,7,82,0.4,1,8,9.0,50.04,47.34,45.30,55.24,99.37,
I000024,90.9,76,519,5.8,29,12,2.0,50.67,55.08,50.40,45.10,90.87,
I000055,91.2,45,537,1.4,17,25,4.3,54.97,50.72,50.73,48.43,97.80,
I000056,95.8,80,309,2.0,15,38,9.8,63.15,55.64,46.48,56.39,96.85,
I000057,95.3,118,841,1.7,15,54,5.6,80.78,60.99,56.41,50.31,97.32,
J000032,94.5,143,1040,10.6,21,46,3.9,75.04,64.51,60.12,47.85,83.31,
J000126,93.8,38,626,4.5,23,40,6.0,53.53,49.73,52.39,50.89,92.91,
J000174,95.8,80,450,5.8,25,40,7.5,57.68,55.64,49.11,53.06,90.87,
J000177,96.3,30,312,0.8,29,10,2.9,45.74,48.60,46.53,46.40,98.74,
J000255,69.1,67,1414,5.1,21,47,3.2,77.15,53.81,67.10,46.83,91.97,
J000283,93.7,3,474,28.2,21,11,2.3,11.80,44.80,49.56,45.53,55.59,
J000285,76.8,13,155,7.8,15,8,4.8,33.53,46.21,43.60,49.15,87.72,
J000288,95.0,39,886,4.9,9,35,3.8,57.27,49.87,57.25,47.70,92.28,
J000289,92.8,12,356,2.0,9,20,5.4,45.11,46.07,47.36,50.02,96.85,
J000290,95.8,47,725,1.2,7,42,5.4,62.70,51.00,54.24,50.02,98.11,
J000291,87.7,36,367,1.1,7,15,3.7,48.36,49.45,47.56,47.56,98.27,
J000292,95.7,35,969,0.2,5,54,5.4,68.68,49.31,58.79,50.02,99.69,
J000293,89.2,38,313,0.7,5,11,3.1,47.36,49.73,46.55,46.69,98.90,
J000294,97.4,28,357,2.5,3,26,6.8,56.20,50.29,50.70,52.05,96.06,
J000295,91.4,6,476,2.0,3,26,5.4,52.93,45.65,54.04,50.02,96.85,
J000296,87.6,28,356,0.9,2,19,4.9,80.19,56.21,60.64,49.30,98.58,
J000297,92.4,1,69,2.4,1,2,2.9,37.35,44.80,44.58,46.40,96.22,
K000009,94.4,42,772,4.7,33,32,3.9,55.14,50.29,55.12,47.85,92.60,
K000148,96.2,96,206,6.1,31,7,2.3,47.05,57.89,44.56,45.53,90.39,
K000172,95.5,11,255,0.7,39,13,4.9,43.82,45.93,45.47,49.30,98.90,
K000188,90.7,66,715,3.8,19,40,5.1,61.89,53.67,54.05,49.59,94.02,
K000210,89.1,74,838,2.2,23,69,7.6,73.38,54.80,56.35,53.21,96.54,
K000220,93.3,31,353,7.1,23,23,6.0,42.68,48.74,47.30,50.89,88.82,
K000305,93.2,38,89,3.4,27,5,3.9,40.33,49.73,42.37,47.85,94.65,
K000336,89.3,17,330,5.5,19,6,1.7,37.19,46.77,46.87,44.66,91.34,
K000352,90.3,9,109,1.1,29,4,3.4,38.33,45.65,42.75,47.12,98.27,
K000360,79.8,97,506,27.1,15,23,3.8,30.31,58.04,50.15,47.70,57.32,
K000362,94.3,50,469,4.0,13,21,4.0,49.62,51.42,49.46,47.99,93.70,
K000363,96.3,27,649,0.2,13,43,6.4,59.31,48.18,52.82,51.47,99.69,
K000367,94.7,187,793,0.3,9,30,3.1,92.81,70.71,55.51,46.69,99.53,
K000368,89.2,26,532,5.9,7,24,4.3,45.22,48.04,50.64,48.43,90.71,
K000369,71.9,24,299,1.2,7,15,4.6,45.89,47.76,46.29,48.86,98.11,
K000375,94.3,15,683,2.6,5,27,3.9,50.16,46.49,53.46,47.85,95.91,
K000376,94.0,35,689,0.3,5,38,5.2,60.24,49.31,53.57,49.73,99.53,
K000378,92.4,28,545,1.3,5,37,6.5,54.94,48.32,50.88,51.61,97.95,
K000379,96.3,10,348,4.2,3,18,5.0,46.04,46.49,50.45,49.44,93.39,
K000380,96.7,19,298,1.8,3,16,5.0,49.44,48.39,49.05,49.44,97.17,
K000381,94.6,38,591,0.8,3,27,4.3,68.48,52.40,57.25,48.43,98.74,
K000382,94.1,16,648,1.1,3,22,3.3,61.86,47.76,58.85,46.98,98.27,
K000383,N/A,26,301,N/A,3,8,2.4,11.85,49.87,49.14,45.68,N/A,
K000384,92.3,26,211,0.5,3,6,2.5,47.18,49.87,46.62,45.82,99.21,
K000385,97.6,26,351,4.8,3,9,2.4,46.40,49.87,50.54,45.68,92.44,
K000386,83.4,17,168,0.4,1,8,4.3,56.92,51.56,50.12,48.43,99.37,
K000387,95.5,6,100,1.7,1,5,4.7,44.47,46.91,46.31,49.01,97.32,
K000388,96.1,1,47,6.2,1,1,2.1,30.60,44.80,43.34,45.24,90.24,
L000111,92.1,31,487,0.8,21,31,6.0,54.00,48.74,49.80,50.89,98.74,
L000123,95.0,82,255,24.3,34,7,2.1,24.12,55.92,45.47,45.24,61.73,
L000174,95.7,101,487,0.9,41,17,2.9,64.32,58.60,49.80,46.40,98.58,
L000261,94.9,103,198,0.2,37,15,5.0,60.73,58.88,44.41,49.44,99.69,
L000263,96.3,21,489,0.6,33,39,7.6,54.59,47.34,49.84,53.21,99.06,
L000274,94.1,0,76,15.4,37,17,22.4,39.96,44.38,42.13,74.65,75.75,
L000287,95.6,55,863,9.5,29,33,3.6,52.38,52.12,56.82,47.41,85.04,
L000304,N/A,58,153,N/A,27,10,4.7,10.90,52.55,43.57,49.01,N/A,
L000397,92.8,47,1062,4.2,21,43,3.9,65.29,51.00,60.53,47.85,93.39,
L000480,96.4,48,590,1.9,27,43,6.7,59.86,51.14,51.72,51.90,97.01,
L000491,94.2,15,291,1.3,23,23,7.5,47.33,46.49,46.14,53.06,97.95,
L000504,84.5,15,81,0.6,39,5,5.2,41.24,46.49,42.22,49.73,99.06,
L000517,93.4,25,166,0.8,37,22,11.5,51.67,47.90,43.81,58.86,98.74,
L000550,90.5,96,378,2.2,19,23,4.9,61.01,57.89,47.77,49.30,96.54,
L000551,93.4,89,1507,6.3,18,40,2.5,81.58,56.91,68.83,45.82,90.08,
L000553,85.4,15,183,4.2,21,11,5.6,39.56,46.49,44.13,50.31,93.39,
L000554,85.5,28,502,0.1,21,34,6.4,55.49,48.32,50.08,51.47,99.84,
L000557,96.2,34,668,4.2,17,30,4.3,51.84,49.17,53.18,48.43,93.39,
L000559,95.9,42,729,1.8,15,31,4.0,58.71,50.29,54.32,47.99,97.17,
L000560,93.1,36,507,2.3,15,27,5.0,51.76,49.45,50.17,49.44,96.38,
L000562,93.6,35,514,4.6,15,24,4.4,47.91,49.31,50.30,48.57,92.76,
L000563,85.9,33,685,2.9,11,46,6.4,57.30,49.03,53.49,51.47,95.43,
L000564,94.9,36,599,2.3,9,30,4.7,53.94,49.45,51.89,49.01,96.38,
L000565,92.1,30,1022,1.5,9,37,3.5,64.23,48.60,59.78,47.27,97.64,
L000566,97.4,67,746,0.2,9,41,5.0,68.62,53.81,54.63,49.44,99.69,
L000567,91.4,25,588,0.0,7,40,6.5,57.61,47.90,51.68,51.61,100.00,
L000569,96.0,82,617,0.6,7,40,5.7,68.56,55.92,52.23,50.46,99.06,
L000570,94.4,44,606,1.7,7,28,4.3,56.24,50.57,52.02,48.43,97.32,
L000571,90.9,40,594,3.2,7,32,5.0,53.66,50.01,51.80,49.44,94.96,
L000573,89.5,21,321,4.1,5,11,3.2,40.92,47.34,46.70,46.83,93.54,
L000574,92.8,10,166,8.1,5,12,6.8,35.10,45.79,43.81,52.05,87.24,
L000575,95.3,29,444,4.0,5,30,6.3,48.27,48.46,49.00,51.32,93.70,
L000576,95.3,13,732,3.0,5,44,5.9,53.44,46.21,54.37,50.75,95.28,
L000577,78.0,67,369,3.1,5,9,2.1,49.21,53.81,47.60,45.24,95.12,
L000578,96.2,12,473,2.5,3,24,4.9,53.20,46.91,53.95,49.30,96.06,
L000579,96.6,16,854,0.9,3,29,3.3,70.99,47.76,64.62,46.98,98.58,
L000580,93.6,29,420,4.2,3,14,3.1,51.03,50.50,52.47,46.69,93.39,
L000581,97.9,11,253,1.5,1,3,1.1,53.83,49.03,54.88,43.79,97.64,
L000582,97.1,9,286,6.8,1,5,1.7,48.34,48.18,56.72,44.66,89.29,
L000583,94.2,4,109,2.1,1,2,1.8,40.46,46.07,46.81,44.81,96.69,
L000584,96.1,5,98,1.0,1,2,1.9,41.65,46.49,46.20,44.95,98.43,
L000585,96.8,0,24,0.0,1,0,0.0,33.72,44.38,42.06,42.20,100.00,
M000087,95.8,121,884,4.6,23,51,5.1,77.26,61.41,57.21,49.59,92.76,
M000133,94.3,147,732,11.8,41,30,3.4,64.46,65.07,54.37,47.12,81.42,
M000303,87.1,61,311,4.3,33,8,2.2,45.73,52.97,46.52,45.39,93.23,
M000309,92.7,22,477,40.4,19,43,8.6,8.72,47.48,49.61,54.66,38.28,
M000312,95.5,26,1528,1.2,19,38,2.4,76.66,48.04,69.23,45.68,98.11,
M000355,90.1,29,224,0.0,31,12,4.7,46.63,48.46,44.89,49.01,100.00,
M000404,94.7,77,1000,2.4,27,31,2.9,71.38,55.22,59.37,46.40,96.22,
M000485,67.6,23,446,4.8,19,29,6.2,46.30,47.62,49.03,51.18,92.44,
M000508,93.6,26,217,3.9,23,37,15.2,53.83,48.04,44.76,64.22,93.86,
M000639,95.5,280,494,1.5,23,17,2.2,87.60,75.00,49.93,45.39,97.64,
M000689,95.1,30,298,0.4,23,46,14.0,60.84,48.60,46.27,62.48,99.37,
M000702,96.5,43,495,3.2,39,11,2.0,47.83,50.43,49.95,45.10,94.96,
M000725,93.3,40,460,6.5,41,33,6.6,47.72,50.01,49.30,51.76,89.76,
M000933,93.3,31,906,4.0,25,38,4.1,58.01,48.74,57.62,48.14,93.70,
M000934,86.3,69,496,4.1,19,19,3.4,53.30,54.09,49.97,47.12,93.54,
M001111,95.6,111,467,2.5,23,20,3.5,64.22,60.01,49.43,47.27,96.06,
M001134,95.5,32,274,9.3,21,11,3.6,35.96,48.88,45.83,47.41,85.35,
M001137,95.5,15,757,11.7,19,56,7.3,44.61,46.49,54.84,52.77,81.58,
M001138,93.3,9,293,6.3,23,16,5.3,38.11,45.65,46.18,49.88,90.08,
M001139,95.1,24,276,23.4,17,37,12.3,27.52,47.76,45.86,60.02,63.15,
M001142,57.2,24,346,0.8,15,31,8.4,52.01,47.76,47.17,54.37,98.74,
M001143,95.0,18,1047,3.6,15,39,3.7,59.29,46.91,60.25,47.56,94.33,
M001144,94.5,66,703,4.1,15,52,6.8,63.58,53.67,53.83,52.05,93.54,
M001149,90.9,39,878,0.4,13,37,4.0,64.56,49.87,57.10,47.99,99.37,
M001150,93.9,33,501,1.1,13,46,8.6,58.18,49.03,50.06,54.66,98.27,
M001151,93.5,49,418,0.8,13,29,6.2,56.20,51.28,48.51,51.18,98.74,
M001153,75.2,148,495,3.9,13,18,2.8,69.70,65.21,49.95,46.25,93.86,
M001154,94.0,6,163,0.8,13,7,4.1,40.10,45.22,43.75,48.14,98.74,
M001155,92.3,16,101,18.4,11,9,7.7,23.48,46.63,42.60,53.35,71.02,
M001156,95.6,14,366,2.7,11,26,6.8,46.33,46.35,47.54,52.05,95.75,
M001157,96.4,47,601,1.2,11,54,8.3,63.45,51.00,51.93,54.22,98.11,
M001158,94.3,24,692,5.6,11,49,6.8,51.82,47.76,53.63,52.05,91.18,
M001159,96.2,45,456,2.2,11,31,6.2,54.18,50.72,49.22,51.18,96.54,
M001160,95.2,32,1088,6.5,11,30,2.7,57.34,48.88,61.01,46.11,89.76,
M001163,95.7,45,678,1.0,11,41,5.7,61.69,50.72,53.36,50.46,98.43,
M001165,96.5,15,87,1.5,9,29,28.4,62.59,46.49,42.34,75.00,97.64,
M001166,93.7,56,561,1.4,9,34,5.5,59.79,52.26,51.18,50.17,97.80,
M001169,93.6,61,549,4.4,9,19,3.1,52.16,52.97,50.96,46.69,93.07,
M001170,85.1,63,390,3.3,9,11,2.4,49.11,53.25,47.99,45.68,94.80,
M001171,82.4,13,214,0.4,7,19,8.4,47.44,46.21,44.71,54.37,99.37,
M001176,93.6,82,663,0.6,7,13,1.7,63.97,55.92,53.08,44.66,99.06,
M001177,89.0,19,575,0.7,7,34,5.7,53.64,47.05,51.44,50.46,98.90,
M001179,94.6,40,514,4.2,5,43,7.8,53.91,50.01,50.30,53.50,93.39,
M001180,91.6,69,610,0.8,5,31,4.6,63.62,54.09,52.10,48.86,98.74,
M001181,89.1,35,491,0.7,5,45,8.6,58.97,49.31,49.87,54.66,98.90,
M001182,89.5,58,616,2.3,5,21,3.1,56.80,52.55,52.21,46.69,96.38,
M001183,75.7,53,352,0.8,6,9,2.2,49.46,51.84,47.28,45.39,98.74,
M001184,80.7,13,254,0.6,4,5,1.9,44.67,47.13,47.82,44.95,99.06,
M001185,87.7,30,438,1.5,3,26,5.6,60.15,50.72,52.97,50.31,97.64,
M001187,94.4,25,426,1.3,3,20,4.4,56.57,49.66,52.64,48.57,97.95,
M001188,96.0,35,438,5.1,3,26,5.5,55.84,51.77,52.97,50.17,91.97,
M001189,95.9,19,343,1.1,3,15,4.1,50.96,48.39,50.31,48.14,98.27,
M001190,96.1,19,286,2.2,3,17,5.6,49.24,48.39,48.72,50.31,96.54,
M001191,86.6,34,548,2.3,3,28,4.8,63.68,51.56,56.05,49.15,96.38,
M001192,94.3,5,56,9.8,3,5,8.2,32.49,45.44,42.28,54.08,84.57,
M001193,89.3,9,131,0.0,1,2,1.4,46.28,48.18,48.05,44.23,100.00,
M001194,95.4,2,91,2.0,1,4,4.3,41.21,45.22,45.81,48.43,96.85,
M001195,92.3,7,100,0.4,1,1,0.9,42.35,47.34,46.31,43.50,99.37,
M001196,95.6,7,114,0.6,1,4,3.3,45.61,47.34,47.09,46.98,99.06,
M001197,91.6,15,154,0.0,1,7,4.1,54.78,50.72,49.33,48.14,100.00,
N000002,95.1,62,820,4.2,24,44,5.0,63.23,53.11,56.01,49.44,93.39,
N000015,96.5,33,509,6.6,27,28,5.2,46.00,49.03,50.21,49.73,89.61,
N000032,94.0,91,359,3.6,37,17,3.8,55.52,57.19,47.41,47.70,94.33,
N000127,93.5,22,488,2.3,41,28,5.5,49.22,47.48,49.82,50.17,96.38,
N000147,N/A,130,1821,N/A,25,44,2.3,71.36,62.68,74.69,45.53,N/A,
N000179,95.7,9,955,6.1,17,45,4.7,52.19,45.65,58.53,49.01,90.39,
N000180,81.8,20,73,0.3,15,3,3.2,40.04,47.20,42.07,46.83,99.53,
N000181,95.1,44,384,1.4,13,41,9.6,58.21,50.57,47.88,56.10,97.80,
N000182,95.5,36,501,1.0,13,39,7.3,57.07,49.45,50.06,52.77,98.43,
N000184,94.7,42,413,3.2,5,31,6.8,51.58,50.29,48.42,52.05,94.96,
N000185,94.8,23,586,3.2,5,38,6.2,51.55,47.62,51.65,51.18,94.96,
N000186,95.9,9,493,14.9,5,33,6.6,33.56,45.65,49.91,51.76,76.54,
N000187,95.1,8,295,17.7,3,22,7.3,30.42,46.07,48.97,52.77,72.13,
N000188,94.7,7,148,0.7,2,2,1.3,45.46,47.34,49.00,44.08,98.90,
N000189,93.1,6,159,0.1,1,5,3.0,48.24,46.91,49.61,46.54,99.84,
O000085,94.6,2,247,10.5,25,9,3.6,29.22,44.66,45.32,47.41,83.46,
O000168,96.4,43,734,1.7,7,47,6.0,62.18,50.43,54.41,50.89,97.32,
O000169,75.1,41,480,1.6,7,45,8.6,58.50,50.15,49.67,54.66,97.48,
O000170,94.8,28,497,0.6,3,23,4.4,61.70,50.29,54.62,48.57,99.06,
P000034,96.0,45,393,3.1,29,32,7.3,52.56,50.72,48.05,52.77,95.12,
P000096,95.9,62,737,4.8,19,37,4.6,59.31,53.11,54.46,48.86,92.44,
P000099,92.8,8,286,7.0,25,21,7.1,38.94,45.51,46.05,52.48,88.98,
P000197,97.1,6,98,8.2,29,21,20.2,47.50,45.22,42.54,71.46,87.09,
P000258,63.0,7,709,1.3,25,35,4.9,52.74,45.37,53.94,49.30,97.95,
P000265,89.4,33,327,0.4,37,29,8.1,53.61,49.03,46.81,53.93,99.37,
P000373,95.5,39,396,1.5,19,32,7.4,54.07,49.87,48.10,52.92,97.64,
P000449,88.4,96,429,1.1,23,21,4.0,62.90,57.89,48.72,47.99,98.27,
P000523,96.1,32,642,0.6,29,21,3.1,54.68,48.88,52.69,46.69,99.06,
P000583,71.2,51,307,56.5,41,10,2.8,3.44,51.56,46.44,46.25,38.28,
P000585,87.6,7,264,3.7,15,13,4.8,39.72,45.37,45.64,49.15,94.17,
P000587,95.3,5,156,9.1,15,13,8.1,34.33,45.08,43.62,53.93,85.67,
P000588,93.7,43,688,1.9,13,27,3.7,57.15,50.43,53.55,47.56,97.01,
P000590,86.0,95,231,1.6,13,9,2.8,54.46,57.75,45.02,46.25,97.48,
P000591,94.8,37,331,1.5,11,26,7.1,51.34,49.59,46.89,52.48,97.64,
P000592,92.8,98,726,3.0,11,48,5.8,71.41,58.18,54.26,50.60,95.28,
P000593,89.6,23,575,3.8,9,33,5.5,49.44,47.62,51.44,50.17,94.02,
P000594,94.4,76,514,0.9,7,47,8.0,67.24,55.08,50.30,53.79,98.58,
P000595,91.1,39,629,3.3,7,33,4.9,54.13,49.87,52.45,49.30,94.80,
P000596,N/A,45,387,N/A,7,22,5.1,15.02,50.72,47.93,49.59,N/A,
P000597,94.9,27,991,2.6,7,25,2.5,59.46,48.18,59.20,45.82,95.91,
P000598,89.7,75,1026,7.5,7,22,2.0,62.18,54.94,59.86,45.10,88.19,
P000599,91.7,63,690,0.4,7,36,4.8,65.54,53.25,53.59,49.15,99.37,
P000601,95.5,18,511,3.1,5,32,6.0,48.67,46.91,50.25,50.89,95.12,
P000602,95.5,34,495,2.8,5,24,4.5,49.59,49.17,49.95,48.72,95.59,
P000603,76.8,127,247,4.1,5,4,1.1,55.28,62.26,45.32,43.79,93.54,
P000604,96.2,20,484,11.3,4,18,3.6,42.78,48.60,54.26,47.41,82.21,
P000605,93.4,19,281,0.8,3,14,4.7,49.76,48.39,48.58,49.01,98.74,
P000606,96.9,12,396,3.1,3,20,4.9,49.22,46.91,51.80,49.30,95.12,
P000607,96.2,26,885,1.8,3,15,1.6,71.59,49.87,65.48,44.52,97.17,
P000608,87.5,48,663,1.4,3,23,3.2,72.20,54.52,59.27,46.83,97.80,
P000609,94.9,3,68,0.4,1,1,1.4,38.98,45.65,44.52,44.23,99.37,
P000610,N/A,6,72,N/A,1,1,1.3,0.00,46.91,44.74,44.08,N/A,
P000611,93.8,9,111,0.6,1,3,2.5,45.50,48.18,46.93,45.82,99.06,
P000612,92.0,5,99,0.0,1,0,0.0,40.83,46.49,46.25,42.20,100.00,
Q000023,94.6,33,747,1.9,7,30,3.8,56.83,49.03,54.65,47.70,97.01,
Q000024,93.4,12,148,4.4,5,13,8.1,40.83,46.07,43.47,53.93,93.07,
R000011,78.2,18,438,1.1,39,30,6.6,50.21,46.91,48.89,51.76,98.27,
R000053,95.3,53,1814,16.8,45,76,4.1,68.10,51.84,74.56,48.14,73.54,
R000122,95.6,114,384,0.1,25,10,2.0,64.14,60.43,47.88,45.10,99.84,
R000146,94.1,61,158,4.8,33,5,2.3,42.03,52.97,43.66,45.53,92.44,
R000170,90.9,9,203,8.1,19,21,9.9,39.10,45.65,44.50,56.54,87.24,
R000307,90.1,61,527,3.4,35,17,2.9,52.85,52.97,50.55,46.40,94.65,
R000361,95.9,97,269,6.9,31,12,3.3,48.68,58.04,45.73,46.98,89.13,
R000395,93.2,15,228,1.7,35,26,10.7,49.01,46.49,44.97,57.70,97.32,
R000409,89.2,31,370,5.4,27,41,10.2,49.62,48.74,47.62,56.97,91.50,
R000435,89.9,58,448,3.5,27,47,9.3,59.23,52.55,49.07,55.67,94.49,
R000462,95.2,15,349,5.8,19,15,4.1,39.53,46.49,47.22,48.14,90.87,
R000486,96.8,34,626,2.3,23,37,5.6,55.61,49.17,52.39,50.31,96.38,
R000487,93.2,61,362,1.4,23,50,11.8,64.49,52.97,47.47,59.29,97.80,
R000515,94.6,34,919,30.4,23,34,3.6,24.88,49.17,57.86,47.41,52.13,
R000570,94.7,14,143,1.9,17,20,12.7,49.01,46.35,43.38,60.60,97.01,
R000571,91.3,19,163,0.4,15,13,7.1,45.90,47.05,43.75,52.48,99.37,
R000572,95.3,28,239,3.6,15,24,9.0,47.21,48.32,45.17,55.24,94.33,
R000573,57.5,29,228,3.8,15,15,5.8,43.42,48.46,44.97,50.60,94.02,
R000575,93.9,10,381,1.4,13,26,6.6,47.33,45.79,47.82,51.76,97.80,
R000576,91.2,24,385,5.7,13,24,5.9,43.79,47.76,47.90,50.75,91.02,
R000577,92.8,41,863,3.7,13,40,4.4,59.86,50.15,56.82,48.57,94.17,
R000578,87.7,68,372,3.2,11,40,9.1,59.40,53.95,47.65,55.38,94.96,
R000580,95.1,34,491,2.8,9,45,8.6,55.39,49.17,49.87,54.66,95.59,
R000581,91.1,47,458,2.5,9,25,5.0,52.41,51.00,49.26,49.44,96.06,
R000582,96.2,46,867,3.6,7,35,3.8,60.32,50.86,56.89,47.70,94.33,
R000583,94.0,33,519,1.5,7,39,7.1,55.84,49.03,50.40,52.48,97.64,
R000584,87.6,25,506,1.3,7,8,1.5,46.91,47.90,50.15,44.37,97.95,
R000585,91.9,90,536,2.3,6,61,9.7,71.15,57.05,50.71,56.25,96.38,
R000586,93.9,34,439,0.7,5,39,8.2,56.68,49.17,48.90,54.08,98.90,
R000587,92.3,28,766,1.8,5,29,3.7,56.31,48.32,55.01,47.56,97.17,
R000588,92.9,37,459,8.7,5,30,6.0,43.97,49.59,49.28,50.89,86.30,
R000589,93.1,19,380,0.6,5,18,4.5,47.40,47.05,47.80,48.72,99.06,
R000590,92.2,7,175,1.8,5,18,9.9,45.64,45.37,43.98,56.54,97.17,
R000591,94.5,10,295,0.7,5,26,8.5,48.42,45.79,46.22,54.51,98.90,
R000592,94.9,20,636,4.5,5,31,4.7,48.54,47.20,52.58,49.01,92.91,
R000593,95.3,47,778,0.9,5,41,5.0,64.10,51.00,55.23,49.44,98.58,
R000594,90.2,27,309,3.3,5,29,8.6,48.44,48.18,46.48,54.66,94.80,
R000595,85.7,77,531,17.3,5,20,3.3,38.71,55.22,50.62,46.98,72.76,
R000597,93.9,6,211,1.6,3,15,6.9,45.91,45.65,46.62,52.19,97.48,
R000598,95.5,15,349,0.2,3,18,4.9,52.55,47.55,50.48,49.30,99.69,
R000599,88.1,27,420,5.0,3,25,5.6,52.79,50.08,52.47,50.31,92.13,
R000600,N/A,8,44,N/A,1,2,3.8,2.38,47.76,43.18,47.70,N/A,
R000601,94.9,6,107,0.4,1,4,3.5,45.15,46.91,46.70,47.27,99.37,
R000602,93.6,4,220,2.7,1,8,3.6,48.71,46.07,53.03,47.41,95.75,
R000603,96.6,8,192,0.1,1,3,1.5,49.64,47.76,51.46,44.37,99.84,
R000604,94.8,4,87,1.1,1,2,2.2,40.69,46.07,45.58,45.39,98.27,
R000605,92.4,11,95,0.0,1,2,1.9,45.50,49.03,46.03,44.95,100.00,
S000018,92.7,62,410,2.2,21,20,4.2,53.57,53.11,48.36,48.28,96.54,
S000030,94.2,19,429,12.2,19,36,8.0,38.52,47.05,48.72,53.79,80.79,
S000033,N/A,119,521,N/A,25,7,1.1,27.77,61.13,50.43,43.79,N/A,
S000051,85.7,7,100,2.0,21,5,4.7,38.17,45.37,42.58,49.01,96.85,
S000148,96.7,226,727,1.1,35,25,2.6,95.47,75.00,54.28,45.97,98.27,
S000185,95.6,59,615,0.9,23,33,4.9,61.89,52.69,52.19,49.30,98.58,
S000244,89.4,84,436,0.5,37,32,6.2,64.72,56.21,48.85,51.18,99.21,
S000248,95.2,47,636,1.6,27,43,6.3,60.85,51.00,52.58,51.32,97.48,
S000250,96.3,32,636,1.3,19,48,7.2,59.43,48.88,52.58,52.63,97.95,
S000320,88.0,16,104,1.9,37,5,4.2,39.26,46.63,42.65,48.28,97.01,
S000344,95.2,17,519,0.8,19,48,9.0,56.33,46.77,50.40,55.24,98.74,
S000364,93.0,27,394,3.6,19,31,7.4,48.57,48.18,48.06,52.92,94.33,
S000480,95.3,38,1028,14.9,29,47,4.4,47.01,49.73,59.90,48.57,76.54,
S000510,92.8,24,538,12.9,19,34,6.0,38.60,47.76,50.75,50.89,79.69,
S000522,87.5,91,427,1.8,35,32,6.2,63.89,57.19,48.68,51.18,97.17,
S000583,96.4,56,508,1.8,29,64,11.3,66.19,52.26,50.19,58.57,97.17,
S000663,65.6,46,190,0.0,37,4,1.7,45.35,50.86,44.26,44.66,100.00,
S000770,95.3,76,531,0.8,19,20,3.3,60.95,55.08,50.62,46.98,98.74,
S000810,92.5,15,516,6.3,43,18,3.4,41.68,46.49,50.34,47.12,90.08,
S000822,92.0,23,153,0.7,27,10,5.7,44.45,47.62,43.57,50.46,98.90,
S000937,86.8,46,237,6.1,21,17,6.0,43.80,50.86,45.13,50.89,90.39,
S001141,88.3,11,316,1.5,19,7,2.1,41.11,45.93,46.61,45.24,97.64,
S001145,95.1,65,1255,1.5,17,32,2.4,76.78,53.53,64.13,45.68,97.64,
S001148,92.5,35,388,1.7,17,33,7.8,53.25,49.31,47.95,53.50,97.32,
S001150,96.7,31,828,0.6,15,56,6.5,64.78,48.74,56.16,51.61,99.06,
S001154,94.0,29,339,2.6,15,39,10.6,53.25,48.46,47.04,57.55,95.91,
S001155,94.8,15,126,8.6,14,10,7.1,34.79,46.49,43.06,52.48,86.46,
S001156,96.0,28,584,4.6,13,44,7.2,51.79,48.32,51.61,52.63,92.76,
S001157,92.9,3,551,2.7,13,28,5.1,46.63,44.80,50.99,49.59,95.75,
S001162,95.0,26,470,10.5,11,29,5.8,40.11,48.04,49.48,50.60,83.46,
S001164,93.8,11,192,4.3,11,12,5.9,39.32,45.93,44.30,50.75,93.23,
S001165,95.3,29,648,5.2,10,33,4.9,49.61,48.46,52.80,49.30,91.81,
S001168,96.6,25,378,1.6,9,19,4.7,47.34,47.90,47.77,49.01,97.48,
S001170,94.2,17,543,3.6,9,23,4.1,46.53,46.77,50.84,48.14,94.33,
S001171,64.8,13,144,14.6,9,15,9.6,30.47,46.21,43.40,56.10,77.01,
S001172,96.2,22,262,0.8,9,18,6.3,47.12,47.48,45.60,51.32,98.74,
S001174,94.4,7,219,3.5,9,9,4.0,38.14,45.37,44.80,47.99,94.49,
S001175,94.5,56,775,10.3,8,40,4.8,50.58,52.26,55.17,49.15,83.78,
S001176,96.0,25,348,1.3,8,24,6.4,48.92,47.90,47.21,51.47,97.95,
S001177,N/A,50,373,N/A,7,15,3.5,13.46,51.42,47.67,47.27,N/A,
S001179,92.4,55,668,5.7,7,43,5.9,56.31,52.12,53.18,50.75,91.02,
S001180,82.2,36,457,2.9,7,21,4.3,48.78,49.45,49.24,48.43,95.43,
S001181,94.3,119,581,0.6,7,17,2.4,70.62,61.13,51.55,45.68,99.06,
S001182,92.1,9,174,2.1,5,15,8.2,43.73,45.65,43.96,54.08,96.69,
S001183,92.8,42,521,1.4,5,29,5.2,55.19,50.29,50.43,49.73,97.80,
S001184,92.5,51,390,0.8,5,19,4.3,53.03,51.56,47.99,48.43,98.74,
S001185,91.9,9,394,3.7,5,20,5.0,42.98,45.65,48.06,49.44,94.17,
S001186,94.7,16,386,0.7,5,31,7.7,50.56,46.63,47.92,53.35,98.90,
S001187,92.7,59,870,8.1,5,45,4.8,57.46,52.69,56.95,49.15,87.24,
S001188,93.1,25,368,2.8,6,16,4.1,45.06,47.90,47.58,48.14,95.59,
S001189,95.7,20,567,1.6,5,34,5.8,52.33,47.20,51.29,50.60,97.48,
S001190,89.7,5,182,2.0,3,13,7.0,44.39,45.44,45.81,52.34,96.85,
S001191,79.0,21,485,3.1,3,26,5.1,55.95,48.81,54.29,49.59,95.12,
S001192,95.7,20,337,3.4,3,12,3.4,47.27,48.60,50.15,47.12,94.65,
S001193,95.1,13,627,0.6,3,28,4.4,62.42,47.13,58.26,48.57,99.06,
S001194,97.6,43,434,3.6,4,8,1.7,55.04,53.46,52.86,44.66,94.33,
S001195,97.3,7,257,1.1,3,18,6.8,48.08,45.86,47.91,52.05,98.27,
S001196,88.3,4,134,0.3,1,8,5.8,48.52,46.07,48.21,50.60,99.53,
S001197,89.1,4,26,0.6,1,0,0.0,35.04,46.07,42.17,42.20,99.06,
S001198,92.1,11,90,3.0,1,1,1.0,40.66,49.03,45.75,43.65,95.28,
T000193,93.6,43,482,4.6,23,32,6.1,50.49,50.43,49.71,51.03,92.76,
T000238,96.4,27,289,0.4,21,30,9.5,53.30,48.18,46.11,55.96,99.37,
T000250,92.6,93,458,1.2,19,15,2.7,61.00,57.47,49.26,46.11,98.11,
T000266,94.1,28,541,3.0,19,16,2.8,47.52,48.32,50.81,46.25,95.28,
T000326,94.2,16,414,11.9,33,23,5.3,35.14,46.63,48.44,49.88,81.26,
T000459,93.3,27,409,0.8,17,32,7.3,52.83,48.18,48.34,52.77,98.74,
T000460,94.5,34,719,1.7,17,45,6.0,59.82,49.17,54.13,50.89,97.32,
T000461,89.1,81,340,1.1,17,13,3.1,55.80,55.78,47.06,46.69,98.27,
T000462,93.0,38,588,2.5,15,41,6.5,56.40,49.73,51.68,51.61,96.06,
T000463,91.4,48,398,1.1,13,34,7.6,57.00,51.14,48.14,53.21,98.27,
T000464,89.5,159,566,0.2,9,20,2.8,80.03,66.76,51.27,46.25,99.69,
T000465,96.0,27,739,4.7,9,28,3.7,50.67,48.18,54.50,47.56,92.60,
T000467,91.8,31,556,0.8,7,39,6.6,56.85,48.74,51.09,51.76,98.74,
T000468,95.3,45,471,2.8,7,19,3.7,49.96,50.72,49.50,47.56,95.59,
T000469,95.9,40,934,0.2,7,49,5.0,68.17,50.01,58.14,49.44,99.69,
T000470,94.0,33,479,1.3,5,30,5.9,53.25,49.03,49.65,50.75,97.95,
T000471,93.3,5,115,2.9,5,14,11.7,44.72,45.08,42.86,59.15,95.43,
T000472,96.0,28,826,0.1,3,29,3.4,75.10,50.29,63.83,47.12,99.84,
T000473,96.9,4,192,18.8,1,3,1.5,25.62,46.07,51.46,44.37,70.39,
T000474,96.7,4,132,0.4,1,3,2.2,44.36,46.07,48.10,45.39,99.37,
T000475,94.7,2,100,0.4,1,2,2.0,41.17,45.22,46.31,45.10,99.37,
T000476,94.3,6,86,0.0,1,1,1.1,41.69,46.91,45.53,43.79,100.00,
U000031,92.6,17,244,0.6,29,32,12.3,53.68,46.77,45.27,60.02,99.06,
U000038,93.9,66,243,1.7,17,11,3.6,49.69,53.67,45.25,47.41,97.32,
U000039,96.0,103,443,0.9,17,12,2.2,62.47,58.88,48.98,45.39,98.58,
V000081,94.8,39,358,4.7,23,36,9.1,50.36,49.87,47.39,55.38,92.60,
V000108,92.1,7,211,2.8,31,14,6.4,41.41,45.37,44.65,51.47,95.59,
V000127,87.3,254,503,7.7,17,12,1.6,77.02,75.00,50.10,44.52,87.87,
V000128,96.4,38,782,1.2,13,30,3.7,59.88,49.73,55.30,47.56,98.11,
V000129,92.5,11,335,0.5,3,23,6.6,52.69,46.70,50.09,51.76,99.21,
V000130,95.4,12,564,1.5,3,27,4.7,58.40,46.91,56.50,49.01,97.64,
V000131,95.2,10,447,0.8,3,26,5.7,55.35,46.49,53.22,50.46,98.74,
V000132,88.1,4,255,2.0,3,19,7.3,46.78,45.22,47.85,52.77,96.85,
W000187,94.1,59,492,7.1,25,34,6.2,50.35,52.69,49.89,51.18,88.82,
W000207,94.0,78,154,3.7,23,13,5.6,49.54,55.36,43.59,50.31,94.17,
W000215,95.5,11,419,4.5,41,41,9.5,47.78,45.93,48.53,55.96,92.91,
W000413,92.8,41,352,3.3,21,25,6.4,49.17,50.15,47.28,51.47,94.80,
W000437,89.6,37,545,1.4,21,16,2.7,51.11,49.59,50.88,46.11,97.80,
W000672,89.7,25,311,1.1,35,35,10.4,53.70,47.90,46.52,57.26,98.27,
W000738,92.5,14,436,3.2,23,15,3.3,43.40,46.35,48.85,46.98,94.96,
W000779,93.2,193,508,1.2,35,17,2.4,83.50,71.55,50.19,45.68,98.11,
W000791,93.3,25,373,0.8,17,28,7.0,50.93,47.90,47.67,52.34,98.74,
W000795,95.8,42,690,2.4,15,37,5.1,58.26,50.29,53.59,49.59,96.22,
W000796,93.5,15,868,5.2,11,38,4.3,51.85,46.49,56.91,48.43,91.81,
W000797,95.1,15,480,8.4,11,32,6.5,41.82,46.49,49.67,51.61,86.77,
W000798,95.9,42,618,1.2,9,37,5.6,58.87,50.29,52.24,50.31,98.11,
W000799,89.7,32,603,1.6,9,39,6.1,56.39,48.88,51.96,51.03,97.48,
W000800,93.7,65,996,1.9,9,42,4.0,71.11,53.53,59.30,47.99,97.01,
W000802,95.4,90,724,0.4,9,19,2.3,68.63,57.05,54.22,45.53,99.37,
W000803,88.2,19,72,4.9,9,2,2.2,33.33,47.05,42.06,45.39,92.28,
W000804,95.2,29,707,1.1,9,36,4.9,57.74,48.46,53.91,49.30,98.27,
W000805,90.2,56,336,3.3,7,13,3.3,47.84,52.26,46.98,46.98,94.80,
W000806,94.6,8,300,3.2,5,35,11.4,48.40,45.51,46.31,58.71,94.96,
W000807,92.6,8,251,0.3,5,16,6.2,45.15,45.51,45.40,51.18,99.53,
W000808,96.8,37,941,6.1,5,38,3.9,56.63,49.59,58.27,47.85,90.39,
W000809,94.6,22,448,0.0,5,29,6.2,52.53,47.48,49.07,51.18,100.00,
W000810,93.0,12,198,1.3,5,18,8.6,46.10,46.07,44.41,54.66,97.95,
W000811,87.8,13,211,3.0,5,12,5.4,41.03,46.21,44.65,50.02,95.28,
W000812,96.6,19,311,5.4,3,21,6.4,47.11,48.39,49.42,51.47,91.50,
W000813,96.4,13,315,1.5,3,24,7.3,51.91,47.13,49.53,52.77,97.64,
W000814,93.4,12,409,0.5,3,24,5.7,54.85,46.91,52.16,50.46,99.21,
W000815,96.0,8,245,0.8,3,20,7.9,49.49,46.07,47.57,53.64,98.74,
W000816,96.8,18,253,6.2,3,25,9.2,47.15,48.18,47.79,55.53,90.24,
W000817,94.9,24,411,1.0,3,11,2.5,53.28,49.45,52.22,45.82,98.43,
W000818,98.9,24,114,0.0,2,1,0.7,52.15,54.52,47.09,43.21,100.00,
W000819,95.5,7,76,2.1,1,2,2.4,40.46,47.34,44.97,45.68,96.69,
W000820,95.4,6,107,0.7,1,3,2.7,43.92,46.91,46.70,46.11,98.90,
W000821,97.6,7,160,0.4,1,2,1.2,46.46,47.34,49.67,43.94,99.37,
W000822,97.1,6,218,1.1,1,2,0.9,48.49,46.91,52.92,43.50,98.27,
Y000031,90.6,11,222,17.6,45,17,7.3,25.75,45.93,44.86,52.77,72.28,
Y000033,89.8,155,742,9.7,43,42,4.7,71.75,66.20,54.56,49.01,84.72,
Y000062,95.9,19,530,4.6,9,23,4.2,45.49,47.05,50.60,48.28,92.76,
Y000063,95.1,14,484,0.9,5,32,6.4,50.69,46.35,49.74,51.47,98.58,
Y000064,95.2,38,444,1.6,5,30,6.2,53.29,49.73,49.00,51.18,97.48,
Y000065,91.2,21,428,1.1,3,19,4.2,55.39,48.81,52.69,48.28,98.27,
Y000066,93.5,3,158,0.0,1,3,1.9,45.67,45.65,49.56,44.95,100.00,
Z000017,91.0,12,110,0.4,1,5,4.1,48.85,49.45,46.87,48.14,99.37,
Z000018,93.8,12,209,1.7,1,2,0.9,50.10,49.45,52.41,43.50,97.32,
