s698-114,W000805
s698-114,W000817
s698-114,W000802
s697-114,A000360
s697-114,A000368
s697-114,B001230
s697-114,B001261
s697-114,B000575
s697-114,B001288
s697-114,B001236
s697-114,B000944
s697-114,B001135
s697-114,C001047
s697-114,C000174
s697-114,C001070
s697-114,C001075
s697-114,C000542
s697-114,C001088
s697-114,C001056
s697-114,C001095
s697-114,C000880
s697-114,D000618
s697-114,D000607
s697-114,D000563
s697-114,E000285
s697-114,F000463
s697-114,F000444
s697-114,F000457
s697-114,G000359
s697-114,H000338
s697-114,H001046
s697-114,H001069
s697-114,H001061
s697-114,I000024
s697-114,I000055
s697-114,J000293
s697-114,K000384
s697-114,K000367
s697-114,M001183
s697-114,M000133
s697-114,M001170
s697-114,M001176
s697-114,M001153
s697-114,M001169
s697-114,P000612
s697-114,P000595
s697-114,P000449
s697-114,R000122
s697-114,R000584
s697-114,R000307
s697-114,R000605
s697-114,R000595
s697-114,S001184
s697-114,S001181
s697-114,S000770
s697-114,T000464
s697-114,T000250
s697-114,T000476
s697-114,T000461
s697-114,V000127
s697-114,W000805
s697-114,W000802
s697-114,W000437
s696-114,K000384
s696-114,W000802
s696-114,W000779
s694-114,C001035
s694-114,C000880
s694-114,K000383
s693-114,B000711
s693-114,C001035
s693-114,F000062
s693-114,F000457
s693-114,G000555
s693-114,P000595
s693-114,S000148
s693-114,S001184
s693-114,W000802
s692-114,G000555
s691-114,H001041
s690-114,C000880
s690-114,L000575
s689-114,C001095
s689-114,K000360
s689-114,K000367
s689-114,M001183
s689-114,M000934
s689-114,P000449
s689-114,R000605
s688-114,B001267
s688-114,B001236
s688-114,B000944
s688-114,C001047
s688-114,F000457
s688-114,K000360
s688-114,M000639
s688-114,N000032
s688-114,P000449
s688-114,W000437
s687-114,R000595
s686-114,B001236
s686-114,C000542
s686-114,C001056
s686-114,C001095
s686-114,C000880
s686-114,E000285
s686-114,I000024
s686-114,I000055
s686-114,J000293
s686-114,P000612
s686-114,R000584
s686-114,R000307
s686-114,S001184
s684-114,K000383
s684-114,M001183
s683-114,B001230
s683-114,B001267
s683-114,B000711
s683-114,G000555
s683-114,H001046
s683-114,H001041
s683-114,H001042
s683-114,K000383
s683-114,M001176
s683-114,M000702
s683-114,P000603
s683-114,S001194
s683-114,S000148
s683-114,U000039
s683-114,W000779
s682-114,A000360
s682-114,A000368
s682-114,B001236
s682-114,C001047
s682-114,C000542
s682-114,C000567
s682-114,C001071
s682-114,C001095
s682-114,C000880
s682-114,D000618
s682-114,F000444
s682-114,G000386
s682-114,H001061
s682-114,I000024
s682-114,L000575
s682-114,M001183
s682-114,P000603
s682-114,P000595
s682-114,P000449
s682-114,R000595
s682-114,S001184
s682-114,S001141
s682-114,T000461
s682-114,W000437
s681-114,B000575
s681-114,B001236
s681-114,B000711
s681-114,B000944
s681-114,C000141
s681-114,C001070
s681-114,C000567
s681-114,C001088
s681-114,C000880
s681-114,D000618
s681-114,D000563
s681-114,F000062
s681-114,F000457
s681-114,H001069
s681-114,H001042
s681-114,K000384
s681-114,K000360
s681-114,K000367
s681-114,M000133
s681-114,M000639
s681-114,M001176
s681-114,M000702
s681-114,M000934
s681-114,P000595
s681-114,S000033
s681-114,S001194
s681-114,S000148
s681-114,S000770
s681-114,S001198
s681-114,T000464
s681-114,V000127
s681-114,W000805
s681-114,W000817
s681-114,W000802
s681-114,W000779
s679-114,B001267
s679-114,T000250
s678-114,B001236
s678-114,C001095
s678-114,I000055
s678-114,P000612
s678-114,R000605
s678-114,S001141
s678-114,V000127
s677-114,B001277
s677-114,B001288
s677-114,C000141
s677-114,C001035
s677-114,C001088
s677-114,D000563
s677-114,F000062
s677-114,F000457
s677-114,G000555
s677-114,K000360
s677-114,M000133
s677-114,M000639
s677-114,M001176
s677-114,M001169
s677-114,M001111
s677-114,S000033
s677-114,S001194
s677-114,S001181
s677-114,T000464
s677-114,W000817
s677-114,W000802
s677-114,W000779
s676-114,B001277
s676-114,B000944
s676-114,C000141
s676-114,C001070
s676-114,D000563
s676-114,F000062
s676-114,G000555
s676-114,K000367
s676-114,S000148
s675-114,B001288
s674-114,B001277
s674-114,B000711
s674-114,B000944
s674-114,K000367
s674-114,M000702
s671-114,R000595
s669-114,B000944
s669-114,C000174
s669-114,F000062
s669-114,F000457
s669-114,H001046
s669-114,S001194
s668-114,B001277
s668-114,F000457
s668-114,W000802
s667-114,C000542
s667-114,C000567
s667-114,C001095
s667-114,I000024
s667-114,L000575
s667-114,L000577
s667-114,R000584
s667-114,R000595
s667-114,S001197
s667-114,S001141
s667-114,W000437
s665-114,B001277
s665-114,B000575
s665-114,B001288
s665-114,B000711
s665-114,B000944
s665-114,C001088
s665-114,C001056
s665-114,D000563
s665-114,F000062
s665-114,F000457
s665-114,G000359
s665-114,G000386
s665-114,H001069
s665-114,H001061
s665-114,K000367
s665-114,L000174
s665-114,M000355
s665-114,M000639
s665-114,N000032
s665-114,P000595
s665-114,P000449
s665-114,S000148
s665-114,S001181
s665-114,T000476
s665-114,T000461
s665-114,W000805
s665-114,W000802
s664-114,K000384
s663-114,W000437
s662-114,A000360
s662-114,B000711
s662-114,C001071
s662-114,I000055
s662-114,W000802
s661-114,B001267
s661-114,B000944
s661-114,D000563
s661-114,G000555
s661-114,R000122
s661-114,R000146
s661-114,S000148
s661-114,S001181
s661-114,S000770
s661-114,W000779
s660-114,B000944
s660-114,D000563
s660-114,G000555
s660-114,R000122
s660-114,R000146
s660-114,S000148
s660-114,S001181
s660-114,S000770
s660-114,W000779
s658-114,H001042
s657-114,B001230
s655-114,M000934
s654-114,F000463
s654-114,H001069
s654-114,H001061
s654-114,M000934
s653-114,B001236
s651-114,F000062
s650-114,A000368
s650-114,F000463
s650-114,H001041
s650-114,I000024
s650-114,J000293
s650-114,M001170
s650-114,M000934
s650-114,M001153
s650-114,P000449
s650-114,R000595
s650-114,S001198
s650-114,T000250
s649-114,C000880
s649-114,C001098
s649-114,D000618
s649-114,V000127
s648-114,B000944
s648-114,S000770
s647-114,B001261
s647-114,C000880
s647-114,E000285
s647-114,R000595
s647-114,V000127
s646-114,H001046
s646-114,T000461
s644-114,S001198
s643-114,H001042
s641-114,E000295
s640-114,C000542
s640-114,C001056
s640-114,C000880
s640-114,E000285
s640-114,H000338
s640-114,I000024
s640-114,L000575
s640-114,L000577
s640-114,M000303
s640-114,S001141
s640-114,T000250
s640-114,V000127
s640-114,W000437
s639-114,C000542
s639-114,C001056
s639-114,C000880
s639-114,I000024
s639-114,L000577
s639-114,M000303
s639-114,T000250
s638-114,C001056
s638-114,C000880
s638-114,H000338
s638-114,I000024
s638-114,L000577
s638-114,M000303
s638-114,S001141
s638-114,T000250
s638-114,V000127
s637-114,A000360
s637-114,A000368
s637-114,B001230
s637-114,B001267
s637-114,B001277
s637-114,B000575
s637-114,B001236
s637-114,B000711
s637-114,C000127
s637-114,C001047
s637-114,C000141
s637-114,C001070
s637-114,C000567
s637-114,C001035
s637-114,C001088
s637-114,D000618
s637-114,D000607
s637-114,F000062
s637-114,F000463
s637-114,F000457
s637-114,G000562
s637-114,G000555
s637-114,G000359
s637-114,H001069
s637-114,H001041
s637-114,H001061
s637-114,I000024
s637-114,I000055
s637-114,K000383
s637-114,K000360
s637-114,K000367
s637-114,L000174
s637-114,M001183
s637-114,M000133
s637-114,M001176
s637-114,M000702
s637-114,M000934
s637-114,M001153
s637-114,M001111
s637-114,N000032
s637-114,P000595
s637-114,R000584
s637-114,R000307
s637-114,R000605
s637-114,S000148
s637-114,S001181
s637-114,S000770
s637-114,S001198
s637-114,T000464
s637-114,T000250
s637-114,U000039
s637-114,W000805
s637-114,W000437
s637-114,W000779
s636-114,F000457
s634-114,B001267
s632-114,C001095
s632-114,D000563
s632-114,H001042
s632-114,V000127
s631-114,S001198
s630-114,B000711
s629-114,B001230
s629-114,B000575
s629-114,B000944
s629-114,B001135
s629-114,F000463
s629-114,G000386
s629-114,K000360
s629-114,M001170
s628-114,B001230
s628-114,B001236
s628-114,B000944
s628-114,G000562
s628-114,G000555
s628-114,K000367
s628-114,M001176
s628-114,S001184
s627-114,C001075
s627-114,C000880
s627-114,E000285
s627-114,F000444
s627-114,G000386
s627-114,K000367
s627-114,M000303
s627-114,M001170
s627-114,M000934
s627-114,S001181
s627-114,T000250
s627-114,T000461
s627-114,W000437
s626-114,B000944
s626-114,C001095
s626-114,E000295
s626-114,H001046
s626-114,M001176
s626-114,P000595
s626-114,S000148
s626-114,S001181
s626-114,S000770
s626-114,U000039
s624-114,B001267
s624-114,B001277
s624-114,B000575
s624-114,B001288
s624-114,B000711
s624-114,C000127
s624-114,C000141
s624-114,C000174
s624-114,C000567
s624-114,C001035
s624-114,C001088
s624-114,D000607
s624-114,F000062
s624-114,G000555
s624-114,H001046
s624-114,H001042
s624-114,K000367
s624-114,M000133
s624-114,M001170
s624-114,M000702
s624-114,M001111
s624-114,P000595
s624-114,R000122
s624-114,S000148
s624-114,S001181
s624-114,S000770
s624-114,T000464
s624-114,W000802
s624-114,W000437
s622-114,B001230
s622-114,C000174
s622-114,C001088
s622-114,U000039
s622-114,W000802
s621-114,B001277
s621-114,B001288
s621-114,C001035
s621-114,G000555
s621-114,M001176
s621-114,R000122
s621-114,W000817
s620-114,E000285
s620-114,H000338
s620-114,I000055
s620-114,R000307
s620-114,S001184
s619-114,B000711
s619-114,C001035
s619-114,D000618
s619-114,G000359
s619-114,P000449
s619-114,R000605
s619-114,R000595
s618-114,A000368
s618-114,G000386
s618-114,M001153
s618-114,T000464
s617-114,B001277
s616-114,K000367
s616-114,S000148
s615-114,A000360
s615-114,A000368
s615-114,B001267
s615-114,B001277
s615-114,B000575
s615-114,B001288
s615-114,B001236
s615-114,C000127
s615-114,C001047
s615-114,C000141
s615-114,C001070
s615-114,C001075
s615-114,C000542
s615-114,C000567
s615-114,C001035
s615-114,C001088
s615-114,C001056
s615-114,C000880
s615-114,C001098
s615-114,D000618
s615-114,D000607
s615-114,E000285
s615-114,E000295
s615-114,F000463
s615-114,F000444
s615-114,G000562
s615-114,G000555
s615-114,G000359
s615-114,G000386
s615-114,H000338
s615-114,H001069
s615-114,H001041
s615-114,H001061
s615-114,I000024
s615-114,I000055
s615-114,K000384
s615-114,K000383
s615-114,L000575
s615-114,L000577
s615-114,M000303
s615-114,M000639
s615-114,M000934
s615-114,M001153
s615-114,M001111
s615-114,N000032
s615-114,P000603
s615-114,P000612
s615-114,P000595
s615-114,P000449
s615-114,R000584
s615-114,R000307
s615-114,R000605
s615-114,R000595
s615-114,S001197
s615-114,S001194
s615-114,S000148
s615-114,S001184
s615-114,S001141
s615-114,S000770
s615-114,S001198
s615-114,T000250
s615-114,T000461
s615-114,V000127
s615-114,W000805
s615-114,W000437
s615-114,W000779
s614-114,A000368
s614-114,J000293
s613-114,B001288
s613-114,B000711
s613-114,C000127
s613-114,C001070
s613-114,F000062
s613-114,K000383
s613-114,M000133
s613-114,M000639
s613-114,M000702
s613-114,M001153
s613-114,M001169
s613-114,M001111
s613-114,N000032
s613-114,R000122
s613-114,S000033
s613-114,T000464
s613-114,W000817
s613-114,W000779
s612-114,C001098
s611-114,B001261
s611-114,B001267
s611-114,B000575
s611-114,B001236
s611-114,C001047
s611-114,C000880
s611-114,D000607
s611-114,E000285
s611-114,F000457
s611-114,H001069
s611-114,H001042
s611-114,I000024
s611-114,K000360
s611-114,K000367
s611-114,M001183
s611-114,M000934
s611-114,R000584
s611-114,S001194
s611-114,T000464
s610-114,M000702
s609-114,B001135
s609-114,C001035
s609-114,K000367
s609-114,M001176
s609-114,R000605
s609-114,S001181
s608-114,B001267
s608-114,F000457
s608-114,G000555
s608-114,H001046
s608-114,H001041
s608-114,I000055
s608-114,K000367
s608-114,M000639
s608-114,P000595
s608-114,S000033
s608-114,S001181
s608-114,W000802
s607-114,B001267
s607-114,C000567
s607-114,E000295
s607-114,F000463
s607-114,F000457
s607-114,G000562
s607-114,M000934
s607-114,M001153
s607-114,R000307
s607-114,R000605
s607-114,S001198
s607-114,T000250
s607-114,U000039
s607-114,W000437
s606-114,M001170
s606-114,S001194
s605-114,C001088
s605-114,D000563
s605-114,S001194
s604-114,G000555
s604-114,N000032
s603-114,M001111
s602-114,B001236
s602-114,M000303
s601-114,K000384
s600-114,B000575
s600-114,H001061
s600-114,M000702
s600-114,R000584
s600-114,S001194
s600-114,S000770
s600-114,U000039
s600-114,W000802
s599-114,B000575
s599-114,B000944
s599-114,B001135
s599-114,C001047
s599-114,C001035
s599-114,F000457
s599-114,M001183
s599-114,M001170
s599-114,M000702
s599-114,M001169
s599-114,S001141
s599-114,S000770
s599-114,T000461
s599-114,W000802
s598-114,C001070
s598-114,C000880
s598-114,G000555
s598-114,M000702
s598-114,N000032
s598-114,P000595
s598-114,S000148
s598-114,S000770
s598-114,V000127
s596-114,B000711
s595-114,B001236
s595-114,C000567
s594-114,B000575
s594-114,C001098
s594-114,L000174
s593-114,S001194
s592-114,H001046
s592-114,U000039
s591-114,C000141
s591-114,D000618
s591-114,F000457
s591-114,K000367
s591-114,P000595
s591-114,S000148
s591-114,W000437
s590-114,A000368
s590-114,B001277
s590-114,B000575
s590-114,B000711
s590-114,B000944
s590-114,C001047
s590-114,C001088
s590-114,E000295
s590-114,F000062
s590-114,F000457
s590-114,G000555
s590-114,G000359
s590-114,G000386
s590-114,H000338
s590-114,H001041
s590-114,K000360
s590-114,K000367
s590-114,M000639
s590-114,M001176
s590-114,M001169
s590-114,P000595
s590-114,R000122
s590-114,R000595
s590-114,S000033
s590-114,S001194
s590-114,S000148
s590-114,S001181
s590-114,S000770
s590-114,S001198
s590-114,T000464
s590-114,V000127
s590-114,W000805
s590-114,W000802
s590-114,W000779
s589-114,B001230
s589-114,B000944
s589-114,F000457
s589-114,K000367
s589-114,P000595
s589-114,P000449
s589-114,S000148
s588-114,B001277
s588-114,K000367
s588-114,M000133
s588-114,N000032
s588-114,S000148
s588-114,U000039
s587-114,P000595
s586-114,A000368
s586-114,B001288
s586-114,B000711
s586-114,B000944
s586-114,B001135
s586-114,C001047
s586-114,C000174
s586-114,C001075
s586-114,C000567
s586-114,C001035
s586-114,C001088
s586-114,D000607
s586-114,E000295
s586-114,F000062
s586-114,G000555
s586-114,G000359
s586-114,G000386
s586-114,K000384
s586-114,K000360
s586-114,K000367
s586-114,M000133
s586-114,M001169
s586-114,N000032
s586-114,P000595
s586-114,S000148
s586-114,S000770
s586-114,S001198
s586-114,W000805
s586-114,W000802
s585-114,B000711
s585-114,F000457
s585-114,S000033
s584-114,W000805
s582-114,B001261
s582-114,B000575
s582-114,B001236
s582-114,B001135
s582-114,C001075
s582-114,C000542
s582-114,C000567
s582-114,C001071
s582-114,C001056
s582-114,C001095
s582-114,C000880
s582-114,C001098
s582-114,D000618
s582-114,E000285
s582-114,E000295
s582-114,F000463
s582-114,F000444
s582-114,G000359
s582-114,G000386
s582-114,H000338
s582-114,H001061
s582-114,I000024
s582-114,I000055
s582-114,L000575
s582-114,L000577
s582-114,M000303
s582-114,M000934
s582-114,P000603
s582-114,P000612
s582-114,P000449
s582-114,R000584
s582-114,R000307
s582-114,R000605
s582-114,R000595
s582-114,S001197
s582-114,S001184
s582-114,S001141
s582-114,S000320
s582-114,S001198
s582-114,T000250
s582-114,T000476
s582-114,T000461
s582-114,V000127
s579-114,A000368
s579-114,B001230
s579-114,C000174
s579-114,C001035
s579-114,C001056
s579-114,E000295
s579-114,F000463
s579-114,J000293
s579-114,K000360
s579-114,L000575
s579-114,M001170
s579-114,M000702
s579-114,W000779
s578-114,A000368
s578-114,B001230
s578-114,B001261
s578-114,B001267
s578-114,B000711
s578-114,B000944
s578-114,C000127
s578-114,C001047
s578-114,C000141
s578-114,C001070
s578-114,C000567
s578-114,C001088
s578-114,D000607
s578-114,D000563
s578-114,E000295
s578-114,F000457
s578-114,G000562
s578-114,G000555
s578-114,G000386
s578-114,H001046
s578-114,H001069
s578-114,H001061
s578-114,K000383
s578-114,K000360
s578-114,K000367
s578-114,L000174
s578-114,M001183
s578-114,M000133
s578-114,M001176
s578-114,M000702
s578-114,M000934
s578-114,M001153
s578-114,R000122
s578-114,S001194
s578-114,S000148
s578-114,S001181
s578-114,S001198
s578-114,U000039
s578-114,W000817
s578-114,W000802
s578-114,W000437
s578-114,W000779
s577-114,C001035
s577-114,F000062
s577-114,F000444
s576-114,W000805
s575-114,B001277
s575-114,L000577
s575-114,T000476
s574-114,A000368
s574-114,B001288
s574-114,C001088
s574-114,F000463
s574-114,K000367
s573-114,A000368
s573-114,D000607
s573-114,I000024
s573-114,M000934
s573-114,R000307
s571-114,A000360
s571-114,A000368
s571-114,B001230
s571-114,B001261
s571-114,B001267
s571-114,B000575
s571-114,B001236
s571-114,B000944
s571-114,B001135
s571-114,C001047
s571-114,C000141
s571-114,C001070
s571-114,C001075
s571-114,C000542
s571-114,C000567
s571-114,C001035
s571-114,C001088
s571-114,C001056
s571-114,C001095
s571-114,C000880
s571-114,C001098
s571-114,D000618
s571-114,D000607
s571-114,E000285
s571-114,E000295
s571-114,F000463
s571-114,F000444
s571-114,G000562
s571-114,G000359
s571-114,G000386
s571-114,H000338
s571-114,H001069
s571-114,H001041
s571-114,H001061
s571-114,I000055
s571-114,J000293
s571-114,K000384
s571-114,K000383
s571-114,K000360
s571-114,L000575
s571-114,L000577
s571-114,M001183
s571-114,M000303
s571-114,M000702
s571-114,M000934
s571-114,M001153
s571-114,M001169
s571-114,P000603
s571-114,P000612
s571-114,P000449
s571-114,R000584
s571-114,R000307
s571-114,R000605
s571-114,R000595
s571-114,S001197
s571-114,S001184
s571-114,S001141
s571-114,S001181
s571-114,S000320
s571-114,S001198
s571-114,T000464
s571-114,T000476
s571-114,T000461
s571-114,U000039
s571-114,V000127
s571-114,W000805
s571-114,W000817
s571-114,W000802
s571-114,W000437
s571-114,W000779
s570-114,B000944
s570-114,C000141
s570-114,F000457
s570-114,S001194
s569-114,C001070
s569-114,C000567
s569-114,K000383
s569-114,M000639
s569-114,M001169
s569-114,M001111
s569-114,S000033
s569-114,T000464
s569-114,W000779
s568-114,B001230
s568-114,B001267
s568-114,B001277
s568-114,B001288
s568-114,B000711
s568-114,C000127
s568-114,C000141
s568-114,C001070
s568-114,C001088
s568-114,D000607
s568-114,D000563
s568-114,F000457
s568-114,G000555
s568-114,H001046
s568-114,H001069
s568-114,H001042
s568-114,K000384
s568-114,K000383
s568-114,K000367
s568-114,L000174
s568-114,M001183
s568-114,M000133
s568-114,M001170
s568-114,M000639
s568-114,M001176
s568-114,M000702
s568-114,M001169
s568-114,M001111
s568-114,P000595
s568-114,R000122
s568-114,R000146
s568-114,S000033
s568-114,S001194
s568-114,S000148
s568-114,S001181
s568-114,S000770
s568-114,T000464
s568-114,U000039
s568-114,W000805
s568-114,W000817
s568-114,W000802
s567-114,W000779
s566-114,B001135
s566-114,U000039
s566-114,W000802
s565-114,E000295
s565-114,L000575
s565-114,S000770
s564-114,B001135
s564-114,C001075
s564-114,F000457
s564-114,G000562
s564-114,R000584
s564-114,R000605
s564-114,S000148
s564-114,T000464
s564-114,T000476
s563-114,S001198
s563-114,T000464
s562-114,R000584
s561-114,R000584
s560-114,W000802
s559-114,A000360
s559-114,B000575
s559-114,C001047
s559-114,C001075
s559-114,C000542
s559-114,C001056
s559-114,C001095
s559-114,D000618
s559-114,E000285
s559-114,F000463
s559-114,F000444
s559-114,G000562
s559-114,G000386
s559-114,H000338
s559-114,I000055
s559-114,K000360
s559-114,M000303
s559-114,M001153
s559-114,P000603
s559-114,P000612
s559-114,P000449
s559-114,R000307
s559-114,R000595
s559-114,S001184
s559-114,T000250
s559-114,T000476
s559-114,T000461
s559-114,W000437
s558-114,A000368
s558-114,B001288
s558-114,J000293
s555-114,A000368
s555-114,C000542
s555-114,C001098
s555-114,D000607
s555-114,F000444
s555-114,M000303
s555-114,N000032
s555-114,S001181
s554-114,B001230
s554-114,B001277
s554-114,B001288
s554-114,B000711
s554-114,C000174
s554-114,F000062
s554-114,G000555
s554-114,H001046
s554-114,H001042
s554-114,K000384
s554-114,L000174
s554-114,M000133
s554-114,M000702
s554-114,M001111
s554-114,S000033
s554-114,S001181
s554-114,U000039
s554-114,W000805
s553-114,A000360
s553-114,A000368
s553-114,B001230
s553-114,B001277
s553-114,B000944
s553-114,B001135
s553-114,C000127
s553-114,C000141
s553-114,C000567
s553-114,C001035
s553-114,C001088
s553-114,F000062
s553-114,G000555
s553-114,H001069
s553-114,H001042
s553-114,I000055
s553-114,K000360
s553-114,M000133
s553-114,M000303
s553-114,M000639
s553-114,M001176
s553-114,M001169
s553-114,N000032
s553-114,P000595
s553-114,P000449
s553-114,R000122
s553-114,R000595
s553-114,S001194
s553-114,S001181
s553-114,S000770
s553-114,T000476
s553-114,U000039
s553-114,W000817
s552-114,A000368
s552-114,C000141
s552-114,S001181
s552-114,V000127
s551-114,B001230
s551-114,B001277
s551-114,B000711
s551-114,B000944
s551-114,C000174
s551-114,C001070
s551-114,C001088
s551-114,D000563
s551-114,F000457
s551-114,G000555
s551-114,H001042
s551-114,K000384
s551-114,K000383
s551-114,K000360
s551-114,K000367
s551-114,M000133
s551-114,M001170
s551-114,M000639
s551-114,M000702
s551-114,M001169
s551-114,M001111
s551-114,R000122
s551-114,S000033
s551-114,S001194
s551-114,S000148
s551-114,S001181
s551-114,W000805
s551-114,W000817
s551-114,W000802
s551-114,W000779
s550-114,M001169
s549-114,M001169
s548-114,M001169
s546-114,B001230
s546-114,B001288
s546-114,C001070
s546-114,E000295
s546-114,K000383
s546-114,M001170
s546-114,S000148
s544-114,C000880
s544-114,E000285
s544-114,F000463
s544-114,F000444
s544-114,I000024
s544-114,R000584
s544-114,V000127
s543-114,I000024
s543-114,M001183
s542-114,C001035
s542-114,P000449
s542-114,R000307
s540-114,C001070
s540-114,C000567
s540-114,H001069
s540-114,M001111
s540-114,R000122
s539-114,A000368
s539-114,B001267
s539-114,B000575
s539-114,B000711
s539-114,B000944
s539-114,C000127
s539-114,C001047
s539-114,C001070
s539-114,C001035
s539-114,C001088
s539-114,D000563
s539-114,F000457
s539-114,G000562
s539-114,G000359
s539-114,G000386
s539-114,H001046
s539-114,H001041
s539-114,H001042
s539-114,K000383
s539-114,K000360
s539-114,K000367
s539-114,L000174
s539-114,M001176
s539-114,M000702
s539-114,M000934
s539-114,R000122
s539-114,S000148
s539-114,S001181
s539-114,S000770
s539-114,T000464
s539-114,W000817
s539-114,W000802
s538-114,R000584
s537-114,T000461
s536-114,C000127
s536-114,M001153
s535-114,A000368
s535-114,B001267
s535-114,C001035
s535-114,F000457
s535-114,G000562
s535-114,M001183
s535-114,S001181
s533-114,S001194
s533-114,S001198
s532-114,F000062
s532-114,N000032
s532-114,S000148
s531-114,A000368
s529-114,G000555
s529-114,K000360
s528-114,M001111
s527-114,A000360
s527-114,A000368
s527-114,B001230
s527-114,B001261
s527-114,B001267
s527-114,B001277
s527-114,B000575
s527-114,B001288
s527-114,B000711
s527-114,B000944
s527-114,B001135
s527-114,C001047
s527-114,C000141
s527-114,C001070
s527-114,C000542
s527-114,C000567
s527-114,C001035
s527-114,C001088
s527-114,C001071
s527-114,C001056
s527-114,C001095
s527-114,C001098
s527-114,D000618
s527-114,D000607
s527-114,D000563
s527-114,E000285
s527-114,F000062
s527-114,F000463
s527-114,F000457
s527-114,G000555
s527-114,H000338
s527-114,H001046
s527-114,H001069
s527-114,H001041
s527-114,H001042
s527-114,H001061
s527-114,I000024
s527-114,I000055
s527-114,J000293
s527-114,K000384
s527-114,K000367
s527-114,L000174
s527-114,M000133
s527-114,M001170
s527-114,M000355
s527-114,M000639
s527-114,M001176
s527-114,M000702
s527-114,M001153
s527-114,M001169
s527-114,M001111
s527-114,N000032
s527-114,P000612
s527-114,P000595
s527-114,P000449
s527-114,R000122
s527-114,R000146
s527-114,R000584
s527-114,R000605
s527-114,R000595
s527-114,S000033
s527-114,S001197
s527-114,S001194
s527-114,S000148
s527-114,S001184
s527-114,S001181
s527-114,S000320
s527-114,S000770
s527-114,T000250
s527-114,W000805
s527-114,W000817
s527-114,W000802
s527-114,W000437
s527-114,W000779
s526-114,M001176
s526-114,M001169
s525-114,C001088
s525-114,D000563
s525-114,M000133
s525-114,M001169
s525-114,S001181
s524-114,A000368
s524-114,B001230
s524-114,B001277
s524-114,C001047
s524-114,C001035
s524-114,C001088
s524-114,F000062
s524-114,F000457
s524-114,G000555
s524-114,G000359
s524-114,H000338
s524-114,K000383
s524-114,K000360
s524-114,K000367
s524-114,L000174
s524-114,M001183
s524-114,M000639
s524-114,N000032
s524-114,P000449
s524-114,S000148
s524-114,S001181
s524-114,W000817
s523-114,A000368
s523-114,M001176
s523-114,S001181
s523-114,W000805
s522-114,B001230
s522-114,B001267
s522-114,B001277
s522-114,B001288
s522-114,B000711
s522-114,C000127
s522-114,C000141
s522-114,C000174
s522-114,C001070
s522-114,C001088
s522-114,D000607
s522-114,D000563
s522-114,F000062
s522-114,F000457
s522-114,G000555
s522-114,H001046
s522-114,H001069
s522-114,H001042
s522-114,K000384
s522-114,K000383
s522-114,K000367
s522-114,L000174
s522-114,M001183
s522-114,M000133
s522-114,M001170
s522-114,M000639
s522-114,M001176
s522-114,M000702
s522-114,M001169
s522-114,M001111
s522-114,N000032
s522-114,P000595
s522-114,R000122
s522-114,R000146
s522-114,S000033
s522-114,S001194
s522-114,S000148
s522-114,S001181
s522-114,S000770
s522-114,T000464
s522-114,U000039
s522-114,W000805
s522-114,W000817
s522-114,W000802
s522-114,W000779
s521-114,M000702
s520-114,C001088
s520-114,F000062
s520-114,M000702
s520-114,N000032
s519-114,C000174
s519-114,C001088
s519-114,M000702
s519-114,W000805
s517-114,B001267
s517-114,C001047
s517-114,C000880
s517-114,F000062
s517-114,H001046
s517-114,M001183
s517-114,M001170
s517-114,M001176
s517-114,R000584
s517-114,T000464
s517-114,U000039
s516-114,M001111
s515-114,D000563
s514-114,B001277
s514-114,B000944
s514-114,F000457
s514-114,M001111
s514-114,P000595
s512-114,C000127
s512-114,C001088
s512-114,D000618
s512-114,G000562
s512-114,H001046
s512-114,H001069
s512-114,H001041
s512-114,H001061
s512-114,M001169
s512-114,M001111
s512-114,R000307
s512-114,U000039
s512-114,V000127
s511-114,B001277
s511-114,B001288
s511-114,F000062
s511-114,H001046
s511-114,L000174
s511-114,M000133
s511-114,M001176
s511-114,M000702
s511-114,M001169
s511-114,R000122
s511-114,S000033
s511-114,S001181
s511-114,T000464
s511-114,W000817
s510-114,A000368
s510-114,B001261
s510-114,B000575
s510-114,B001236
s510-114,C001047
s510-114,C000567
s510-114,C001035
s510-114,C001071
s510-114,C001095
s510-114,C000880
s510-114,H001041
s510-114,H001061
s510-114,I000055
s509-114,G000555
s508-114,B001261
s508-114,F000444
s507-114,A000360
s507-114,B001261
s507-114,C001056
s507-114,C000880
s507-114,C001098
s507-114,E000285
s507-114,G000359
s507-114,H000338
s507-114,I000024
s507-114,I000055
s507-114,L000577
s507-114,M000355
s507-114,R000584
s507-114,R000307
s507-114,S001184
s507-114,V000127
s506-114,B000944
s506-114,C001070
s506-114,C001075
s506-114,G000562
s506-114,S000770
s505-114,B001230
s505-114,B000944
s505-114,C001070
s505-114,C000567
s505-114,D000607
s505-114,S000148
s505-114,S000770
s505-114,W000437
s504-114,B000944
s504-114,D000607
s504-114,D000563
s504-114,F000457
s504-114,G000555
s504-114,K000360
s504-114,K000367
s504-114,P000595
s504-114,S000148
s504-114,S000770
s502-114,B001230
s502-114,B001277
s502-114,B001288
s502-114,C001088
s502-114,C001098
s502-114,D000563
s502-114,F000444
s502-114,F000457
s502-114,H001046
s502-114,I000055
s502-114,K000384
s502-114,K000383
s502-114,L000174
s502-114,M000133
s502-114,M000702
s502-114,M000934
s502-114,M001169
s502-114,P000603
s502-114,P000612
s502-114,P000595
s502-114,S000033
s502-114,S001194
s502-114,U000039
s502-114,W000802
s502-114,W000779
s501-114,H001046
s500-114,B001261
s500-114,G000562
s500-114,H000338
s500-114,L000577
s500-114,U000039
s499-114,C000542
s499-114,C001095
s499-114,I000024
s499-114,L000575
s499-114,P000612
s499-114,S001184
s498-114,B001261
s498-114,B000575
s498-114,B001236
s498-114,B001135
s498-114,C001047
s498-114,C000542
s498-114,C000567
s498-114,C000880
s498-114,C001098
s498-114,D000618
s498-114,E000285
s498-114,E000295
s498-114,F000463
s498-114,G000359
s498-114,G000386
s498-114,H000338
s498-114,H001061
s498-114,I000055
s498-114,M001183
s498-114,M000303
s498-114,M000934
s498-114,P000612
s498-114,P000449
s498-114,R000584
s498-114,R000307
s498-114,R000595
s498-114,S001141
s498-114,S001198
s498-114,T000250
s498-114,T000461
s498-114,V000127
s498-114,W000437
s497-114,B001230
s497-114,B001267
s497-114,B001277
s497-114,B001288
s497-114,B000711
s497-114,B000944
s497-114,C000127
s497-114,C001070
s497-114,C001088
s497-114,D000563
s497-114,F000457
s497-114,G000555
s497-114,H001046
s497-114,H001042
s497-114,K000384
s497-114,K000367
s497-114,L000174
s497-114,M000133
s497-114,M001176
s497-114,M000702
s497-114,M001169
s497-114,P000595
s497-114,R000122
s497-114,S000033
s497-114,S000148
s497-114,S000770
s497-114,U000039
s497-114,W000817
s497-114,W000802
s497-114,W000779
s496-114,R000584
s494-114,S001198
s493-114,C001075
s493-114,C001095
s493-114,G000562
s492-114,B001230
s492-114,B001267
s492-114,D000563
s492-114,H001046
s492-114,K000360
s492-114,U000039
s492-114,W000802
s491-114,B001230
s491-114,B000711
s491-114,D000563
s491-114,E000285
s491-114,F000444
s491-114,F000457
s491-114,H001046
s491-114,H001069
s491-114,K000383
s491-114,L000174
s491-114,M000133
s491-114,M001170
s491-114,M001176
s491-114,M001169
s491-114,P000603
s491-114,S001194
s491-114,S001181
s491-114,S000770
s491-114,T000464
s491-114,W000817
s491-114,W000802
s491-114,W000779
s490-114,C001047
s490-114,C001095
s490-114,C000880
s490-114,C001098
s490-114,L000575
s490-114,L000577
s490-114,R000584
s490-114,R000595
s490-114,S001141
s490-114,V000127
s489-114,I000055
s489-114,K000383
s489-114,S001194
s489-114,W000779
s488-114,B001230
s488-114,B000711
s488-114,B000944
s488-114,B001135
s488-114,C000141
s488-114,C000174
s488-114,C001070
s488-114,C001035
s488-114,C001095
s488-114,C000880
s488-114,D000563
s488-114,E000295
s488-114,G000386
s488-114,H001069
s488-114,K000360
s488-114,M000133
s488-114,R000584
s488-114,S000770
s488-114,W000817
s486-114,F000062
s485-114,C001095
s484-114,B001261
s484-114,P000449
s483-114,C001075
s483-114,R000595
s483-114,V000127
s483-114,W000802
s482-114,D000607
s481-114,A000360
s481-114,M001111
s481-114,W000802
s480-114,B001277
s480-114,B000944
s480-114,D000563
s480-114,F000062
s480-114,G000555
s480-114,M001183
s480-114,M000133
s480-114,S000148
s480-114,S001141
s480-114,T000461
s480-114,W000817
s479-114,M000934
s478-114,B001230
s478-114,P000449
s477-114,C001071
s477-114,C000880
s477-114,G000386
s477-114,I000055
s477-114,S001198
s476-114,B001267
s475-114,A000360
s475-114,A000368
s475-114,C000542
s475-114,C001035
s475-114,C001088
s475-114,C001071
s475-114,D000563
s475-114,F000062
s475-114,H001041
s475-114,J000293
s475-114,K000384
s475-114,K000360
s475-114,M000303
s475-114,P000449
s475-114,T000461
s475-114,W000805
s474-114,C001047
s474-114,C001095
s474-114,G000562
s474-114,H001041
s474-114,I000024
s474-114,J000293
s474-114,M001183
s474-114,M000303
s474-114,M000355
s474-114,R000307
s474-114,V000127
s474-114,W000437
s472-114,R000146
s471-114,B001230
s471-114,B001267
s471-114,B000711
s471-114,B000944
s471-114,C000127
s471-114,C001070
s471-114,C001088
s471-114,G000555
s471-114,G000386
s471-114,H001042
s471-114,M000639
s471-114,M001111
s471-114,P000595
s471-114,S001194
s471-114,S000148
s471-114,S001181
s471-114,W000805
s470-114,A000368
s470-114,G000386
s470-114,P000449
s470-114,R000605
s470-114,S001184
s469-114,B001230
s469-114,B001267
s469-114,B000711
s469-114,B000944
s469-114,D000563
s469-114,G000555
s469-114,K000360
s469-114,S000033
s469-114,S000148
s469-114,T000464
s467-114,B001277
s467-114,C001088
s467-114,F000457
s467-114,G000359
s467-114,H000338
s467-114,L000577
s467-114,R000595
s467-114,S000148
s467-114,W000802
s466-114,B001277
s466-114,B000711
s466-114,B000944
s466-114,C001070
s466-114,G000386
s466-114,H001046
s466-114,M000639
s466-114,R000122
s466-114,S000148
s465-114,W000805
s464-114,M001153
s464-114,S001194
s463-114,S001181
s462-114,P000449
s461-114,K000367
s460-114,B000944
s457-114,R000146
s455-114,C001088
s455-114,S000148
s454-114,B001230
s454-114,K000360
s453-114,C000567
s453-114,K000360
s452-114,B001236
s452-114,C001047
s452-114,C001056
s452-114,C001095
s452-114,C001098
s452-114,H000338
s452-114,M000355
s452-114,P000449
s452-114,R000307
s452-114,R000605
s452-114,R000595
s452-114,S001141
s452-114,T000250
s452-114,T000476
s452-114,V000127
s452-114,W000437
s451-114,F000457
s451-114,K000383
s451-114,M001111
s451-114,W000779
s450-114,B001277
s450-114,B000711
s450-114,B000944
s450-114,R000122
s448-114,B001277
s447-114,C001035
s447-114,M000133
s447-114,M001111
s447-114,W000802
s446-114,G000555
s446-114,S001194
s446-114,S001181
s444-114,B000711
s444-114,G000555
s444-114,H001046
s444-114,M001176
s444-114,W000779
s442-114,C001088
s442-114,F000457
s442-114,G000555
s442-114,K000367
s442-114,R000146
s442-114,S000770
s441-114,B001236
s441-114,C001070
s441-114,C001095
s441-114,D000607
s441-114,G000562
s441-114,G000359
s441-114,H001041
s441-114,H001042
s441-114,I000024
s441-114,M001183
s441-114,M000639
s441-114,M000934
s441-114,P000612
s441-114,R000595
s441-114,S001184
s441-114,T000464
s441-114,T000476
s441-114,T000461
s441-114,V000127
s440-114,B001230
s440-114,B001267
s440-114,B000575
s440-114,B001236
s440-114,C000567
s440-114,F000457
s440-114,G000562
s440-114,G000555
s440-114,H001042
s440-114,I000055
s440-114,K000383
s440-114,K000360
s440-114,K000367
s440-114,L000174
s440-114,M000639
s440-114,R000584
s440-114,R000307
s440-114,S000033
s440-114,S000770
s440-114,T000250
s439-114,B001230
s439-114,B001267
s439-114,B001277
s439-114,B001288
s439-114,B000711
s439-114,B000944
s439-114,C000127
s439-114,C000141
s439-114,C000174
s439-114,C001070
s439-114,C001088
s439-114,D000563
s439-114,F000062
s439-114,G000555
s439-114,H001046
s439-114,H001069
s439-114,H001042
s439-114,K000384
s439-114,K000360
s439-114,K000367
s439-114,L000174
s439-114,M000133
s439-114,M001170
s439-114,M000639
s439-114,M001176
s439-114,M000702
s439-114,M001169
s439-114,M001111
s439-114,P000595
s439-114,R000122
s439-114,R000146
s439-114,S000033
s439-114,S001194
s439-114,S000148
s439-114,S001181
s439-114,S000770
s439-114,T000464
s439-114,U000039
s439-114,W000817
s439-114,W000802
s439-114,W000779
s438-114,B001267
s438-114,D000618
s438-114,E000285
s438-114,H000338
s438-114,T000464
s437-114,F000444
s437-114,S001198
s436-114,M001169
s435-114,B001236
s435-114,C001095
s435-114,C000880
s435-114,D000618
s435-114,I000024
s435-114,L000575
s435-114,L000577
s435-114,P000612
s435-114,R000307
s435-114,S001184
s435-114,S001141
s435-114,S000320
s435-114,T000250
s435-114,V000127
s434-114,M001170
s434-114,P000449
s434-114,V000127
s433-114,B000944
s433-114,B001135
s433-114,C001070
s433-114,C001035
s433-114,D000607
s433-114,F000457
s433-114,G000359
s433-114,P000595
s433-114,P000449
s433-114,R000122
s433-114,S000148
s433-114,S000770
s432-114,B001261
s432-114,P000449
s432-114,T000250
s431-114,A000368
s431-114,B001261
s431-114,B000575
s431-114,B001236
s431-114,B001135
s431-114,C001047
s431-114,C000542
s431-114,C000567
s431-114,C001035
s431-114,C001088
s431-114,C001095
s431-114,C000880
s431-114,C001098
s431-114,D000618
s431-114,D000607
s431-114,E000295
s431-114,F000463
s431-114,F000444
s431-114,G000562
s431-114,G000359
s431-114,G000386
s431-114,H001041
s431-114,I000024
s431-114,I000055
s431-114,J000293
s431-114,K000360
s431-114,L000174
s431-114,L000577
s431-114,M000133
s431-114,M000303
s431-114,M000355
s431-114,M001176
s431-114,M000934
s431-114,M001153
s431-114,M001111
s431-114,P000612
s431-114,P000595
s431-114,P000449
s431-114,R000584
s431-114,R000307
s431-114,R000595
s431-114,S000148
s431-114,S001184
s431-114,S001181
s431-114,S001198
s431-114,T000464
s431-114,T000461
s431-114,V000127
s431-114,W000437
s431-114,W000779
s430-114,B001277
s430-114,B000944
s430-114,D000563
s430-114,M000133
s430-114,M001176
s430-114,M001111
s430-114,N000032
s430-114,S000148
s430-114,W000779
s429-114,B001277
s429-114,B000575
s429-114,B000944
s429-114,C000127
s429-114,C001070
s429-114,C001035
s429-114,F000062
s429-114,K000367
s429-114,M001153
s429-114,M001169
s429-114,M001111
s429-114,P000449
s429-114,S000148
s429-114,S000770
s428-114,W000817
s427-114,K000383
s427-114,K000360
s427-114,L000575
s425-114,T000464
s424-114,B001288
s423-114,A000360
s423-114,A000368
s423-114,B001261
s423-114,B000575
s423-114,B001236
s423-114,C001047
s423-114,C000542
s423-114,C001035
s423-114,C001088
s423-114,C001071
s423-114,C001095
s423-114,C000880
s423-114,C001098
s423-114,D000618
s423-114,D000563
s423-114,E000285
s423-114,F000444
s423-114,F000457
s423-114,G000562
s423-114,G000386
s423-114,H001069
s423-114,H001041
s423-114,H001061
s423-114,I000024
s423-114,I000055
s423-114,J000293
s423-114,K000384
s423-114,K000383
s423-114,K000360
s423-114,K000367
s423-114,M000303
s423-114,M001176
s423-114,M001153
s423-114,M001169
s423-114,N000032
s423-114,P000603
s423-114,P000612
s423-114,P000449
s423-114,R000584
s423-114,R000307
s423-114,R000605
s423-114,R000595
s423-114,S001184
s423-114,S001181
s423-114,S001198
s423-114,T000464
s423-114,T000250
s423-114,T000461
s423-114,W000805
s423-114,W000817
s421-114,D000618
s420-114,A000368
s420-114,B001267
s420-114,C001088
s420-114,C001095
s420-114,D000607
s420-114,F000444
s420-114,F000457
s420-114,G000386
s420-114,H001069
s420-114,I000055
s420-114,K000384
s420-114,K000383
s420-114,M001183
s420-114,M001176
s420-114,M000934
s420-114,M001153
s420-114,M001169
s420-114,P000449
s420-114,S001184
s420-114,T000464
s420-114,W000805
s420-114,W000437
s419-114,H001046
s418-114,M000702
s417-114,F000463
s417-114,M001183
s417-114,S001198
s417-114,W000437
s415-114,H001046
s414-114,B000711
s413-114,G000386
s412-114,W000802
s411-114,E000285
s411-114,H001069
s411-114,H001061
s410-114,H001046
s409-114,A000368
s409-114,B000575
s409-114,C001056
s409-114,C001095
s409-114,C000880
s409-114,F000062
s409-114,F000463
s409-114,K000383
s409-114,K000360
s409-114,M001170
s409-114,M000702
s409-114,N000032
s409-114,R000595
s409-114,S001141
s409-114,T000476
s409-114,T000461
s408-114,B000575
s407-114,B001277
s407-114,B000711
s407-114,C000174
s407-114,D000563
s407-114,F000062
s407-114,F000457
s407-114,G000555
s407-114,H001042
s407-114,K000384
s407-114,M000133
s407-114,M001169
s407-114,M001111
s407-114,R000122
s407-114,S000148
s407-114,W000817
s407-114,W000802
s406-114,B001288
s406-114,C001075
s406-114,G000555
s406-114,S000148
s406-114,V000127
s405-114,A000360
s405-114,A000368
s405-114,B001261
s405-114,B001267
s405-114,C001095
s405-114,D000618
s405-114,D000607
s405-114,F000463
s405-114,G000562
s405-114,H001046
s405-114,H001069
s405-114,H001041
s405-114,H001061
s405-114,I000055
s405-114,K000384
s405-114,K000383
s405-114,K000367
s405-114,M001183
s405-114,M001170
s405-114,R000584
s405-114,T000464
s405-114,U000039
s405-114,W000805
s404-114,B000575
s404-114,C001075
s404-114,C000542
s404-114,C000567
s404-114,C001098
s404-114,D000618
s404-114,E000285
s404-114,F000463
s404-114,G000359
s404-114,G000386
s404-114,H000338
s404-114,I000024
s404-114,L000575
s404-114,M000303
s404-114,M000355
s404-114,M000934
s404-114,P000603
s404-114,R000584
s404-114,R000307
s404-114,T000250
s404-114,T000476
s404-114,V000127
s404-114,W000437
s403-114,B001230
s403-114,B000944
s403-114,F000457
s403-114,G000555
s403-114,H001069
s403-114,H001061
s403-114,L000174
s403-114,P000595
s403-114,S000033
s403-114,S000770
s402-114,M000639
s402-114,M001111
s402-114,W000817
s401-114,R000595
s400-114,C000141
s399-114,C001095
s398-114,B001230
s398-114,B001277
s398-114,B000944
s398-114,C001035
s398-114,D000563
s398-114,G000386
s398-114,K000383
s398-114,M001153
s398-114,S000033
s398-114,S000148
s398-114,T000464
s398-114,V000127
s398-114,W000802
s396-114,B000711
s396-114,B000944
s396-114,R000122
s396-114,S001194
s395-114,B001267
s395-114,C001070
s395-114,C001075
s394-114,B000944
s394-114,B001135
s394-114,C001035
s394-114,C001056
s394-114,C000880
s394-114,H001041
s394-114,I000024
s394-114,I000055
s394-114,K000367
s394-114,M000639
s394-114,R000584
s394-114,R000307
s394-114,S000770
s394-114,V000127
s394-114,W000437
s393-114,F000062
s392-114,C001047
s391-114,B001261
s391-114,B001236
s391-114,C000567
s391-114,C001056
s391-114,C001095
s391-114,C001098
s391-114,E000295
s391-114,G000562
s391-114,G000359
s391-114,H000338
s391-114,H001041
s391-114,L000577
s391-114,M000355
s391-114,R000584
s391-114,R000307
s391-114,R000595
s391-114,S001184
s391-114,V000127
s391-114,W000437
s389-114,B001230
s389-114,B000711
s389-114,C000127
s389-114,C001070
s389-114,F000062
s389-114,F000457
s389-114,M000133
s389-114,R000146
s389-114,S001194
s389-114,W000817
s388-114,B001277
s388-114,D000563
s388-114,F000062
s388-114,M000133
s388-114,M001176
s388-114,R000146
s388-114,S001194
s388-114,V000127
s388-114,W000817
s387-114,H001069
s387-114,W000779
s386-114,B000575
s386-114,B000944
s386-114,C001035
s386-114,D000618
s386-114,K000367
s386-114,M000639
s386-114,P000595
s386-114,P000449
s386-114,S001194
s386-114,S000770
s385-114,A000368
s385-114,C000174
s385-114,I000055
s385-114,S001181
s384-114,B001267
s384-114,E000285
s384-114,G000562
s384-114,R000584
s383-114,M001111
s383-114,R000584
s382-114,P000449
s382-114,R000595
s381-114,S000148
s380-114,B001267
s380-114,C001047
s379-114,F000457
s379-114,H001069
s379-114,H001042
s379-114,K000384
s379-114,K000383
s379-114,M001183
s379-114,M001176
s379-114,M001111
s379-114,S001181
s379-114,U000039
s378-114,B000575
s378-114,C001047
s378-114,C001056
s378-114,C001098
s378-114,F000463
s378-114,F000444
s378-114,G000562
s378-114,H000338
s378-114,I000024
s378-114,L000577
s378-114,P000603
s378-114,R000595
s377-114,C001035
s377-114,G000555
s377-114,K000360
s377-114,L000174
s377-114,M001176
s377-114,R000307
s377-114,S000033
s377-114,S000770
s376-114,B000575
s376-114,B001236
s376-114,D000563
s376-114,L000174
s375-114,A000368
s375-114,B001230
s375-114,B001267
s375-114,B001277
s375-114,C000127
s375-114,C000174
s375-114,C001070
s375-114,C000567
s375-114,C001035
s375-114,C001088
s375-114,F000062
s375-114,H001046
s375-114,H001042
s375-114,K000383
s375-114,K000360
s375-114,K000367
s375-114,L000174
s375-114,M000133
s375-114,M000639
s375-114,M001176
s375-114,M000702
s375-114,M001153
s375-114,M001169
s375-114,M001111
s375-114,P000595
s375-114,P000449
s375-114,S000033
s375-114,S000148
s375-114,S001181
s375-114,S000770
s375-114,S001198
s375-114,T000464
s375-114,W000805
s375-114,W000779
s374-114,A000368
s373-114,A000368
s373-114,B000575
s373-114,B001236
s373-114,C001047
s373-114,C001070
s373-114,C001075
s373-114,C000567
s373-114,C001035
s373-114,C001088
s373-114,C001056
s373-114,C000880
s373-114,G000359
s373-114,H001042
s373-114,I000024
s373-114,I000055
s373-114,M001183
s373-114,M001170
s373-114,N000032
s373-114,R000584
s373-114,S001194
s373-114,S001181
s373-114,S000320
s373-114,S001198
s373-114,T000250
s373-114,V000127
s373-114,W000437
s372-114,C000880
s372-114,H001069
s372-114,M001183
s372-114,M001176
s372-114,T000461
s371-114,B001288
s371-114,B000711
s371-114,C000127
s371-114,M000133
s371-114,S001181
s371-114,S001198
s370-114,A000368
s370-114,B001230
s370-114,B001277
s370-114,B000711
s370-114,B000944
s370-114,C000127
s370-114,C001047
s370-114,C001070
s370-114,C001035
s370-114,G000555
s370-114,H001069
s370-114,H001041
s370-114,H001042
s370-114,K000360
s370-114,K000367
s370-114,M000133
s370-114,M001170
s370-114,M000702
s370-114,S000148
s370-114,S001181
s370-114,S000770
s370-114,W000817
s369-114,B000575
s368-114,C001047
s368-114,I000024
s368-114,L000575
s368-114,M001183
s368-114,S001141
s367-114,B000711
s367-114,G000555
s367-114,U000039
s366-114,A000368
s366-114,B001288
s366-114,B000711
s366-114,B000944
s366-114,C000141
s366-114,C000567
s366-114,C001035
s366-114,D000618
s366-114,D000607
s366-114,D000563
s366-114,F000457
s366-114,G000562
s366-114,G000555
s366-114,G000386
s366-114,H001046
s366-114,H001069
s366-114,H001042
s366-114,K000384
s366-114,K000383
s366-114,K000367
s366-114,L000174
s366-114,M001183
s366-114,M001170
s366-114,M000639
s366-114,M001176
s366-114,M001153
s366-114,M001169
s366-114,P000595
s366-114,P000449
s366-114,R000122
s366-114,R000146
s366-114,S000033
s366-114,S000148
s366-114,S001184
s366-114,U000039
s366-114,W000805
s366-114,W000817
s366-114,W000802
s366-114,W000437
s365-114,L000577
s364-114,S000148
s363-114,B001236
s363-114,C001070
s363-114,M000702
s363-114,W000802
s362-114,A000368
s362-114,C000542
s362-114,C001056
s362-114,G000386
s362-114,R000584
s362-114,R000307
s362-114,S001184
s361-114,M000303
s360-114,R000584
s359-114,R000595
s358-114,B001230
s358-114,B001267
s358-114,B001277
s358-114,B000711
s358-114,B000944
s358-114,C000127
s358-114,C000141
s358-114,C001035
s358-114,C001088
s358-114,D000563
s358-114,F000062
s358-114,F000457
s358-114,G000555
s358-114,H001046
s358-114,H001042
s358-114,M000133
s358-114,M000639
s358-114,M001176
s358-114,M001111
s358-114,R000122
s358-114,R000146
s358-114,S000033
s358-114,S001194
s358-114,S000770
s358-114,T000464
s358-114,W000817
s358-114,W000802
s358-114,W000779
s357-114,C001056
s357-114,H000338
s356-114,A000368
s356-114,B001277
s356-114,B001288
s356-114,C001088
s356-114,C001056
s356-114,C001098
s356-114,D000618
s356-114,D000563
s356-114,F000457
s356-114,G000562
s356-114,H001046
s356-114,H001069
s356-114,H001041
s356-114,L000174
s356-114,M000133
s356-114,M001176
s356-114,M000934
s356-114,R000307
s356-114,S000033
s356-114,S001194
s356-114,S001181
s356-114,U000039
s356-114,V000127
s356-114,W000779
s355-114,B001277
s355-114,B000944
s355-114,G000555
s355-114,M001170
s354-114,W000802
s353-114,L000174
s352-114,A000360
s352-114,B001230
s352-114,B001267
s352-114,B000575
s352-114,B001236
s352-114,B000944
s352-114,C001047
s352-114,C000174
s352-114,C001035
s352-114,C001088
s352-114,C001095
s352-114,C000880
s352-114,D000618
s352-114,D000563
s352-114,G000562
s352-114,H000338
s352-114,H001042
s352-114,I000055
s352-114,K000384
s352-114,K000383
s352-114,K000360
s352-114,L000575
s352-114,M001170
s352-114,M000934
s352-114,P000603
s352-114,P000595
s352-114,P000449
s352-114,R000584
s352-114,R000307
s352-114,S001197
s352-114,S001194
s352-114,S001141
s352-114,S001181
s352-114,U000039
s352-114,W000805
s351-114,I000055
s351-114,M000639
s351-114,S000770
s350-114,C000880
s350-114,G000562
s350-114,G000386
s349-114,N000032
s349-114,S000770
s348-114,F000062
s347-114,A000368
s347-114,B001261
s347-114,J000293
s347-114,P000612
s347-114,R000307
s347-114,W000437
s346-114,M001176
s345-114,T000461
s344-114,B001135
s343-114,M001183
s342-114,R000595
s341-114,C000174
s341-114,M000639
s341-114,R000307
s340-114,A000368
s340-114,M001176
s340-114,P000449
s340-114,S001181
s339-114,A000360
s339-114,A000368
s339-114,B001261
s339-114,B000575
s339-114,B001236
s339-114,B001135
s339-114,C001047
s339-114,C001075
s339-114,C000542
s339-114,C000567
s339-114,C001056
s339-114,C001095
s339-114,C000880
s339-114,D000618
s339-114,E000295
s339-114,F000463
s339-114,F000444
s339-114,G000562
s339-114,G000359
s339-114,G000386
s339-114,H000338
s339-114,H001061
s339-114,I000024
s339-114,I000055
s339-114,J000293
s339-114,L000575
s339-114,L000577
s339-114,M000303
s339-114,M000355
s339-114,M000934
s339-114,M001153
s339-114,P000603
s339-114,P000612
s339-114,P000449
s339-114,R000584
s339-114,R000307
s339-114,R000605
s339-114,R000595
s339-114,S001197
s339-114,S001184
s339-114,S001141
s339-114,S000320
s339-114,T000250
s339-114,T000476
s339-114,T000461
s339-114,V000127
s339-114,W000437
s338-114,A000360
s338-114,A000368
s338-114,B001267
s338-114,C001035
s338-114,C001088
s338-114,D000618
s338-114,D000607
s338-114,G000359
s338-114,H001046
s338-114,I000055
s338-114,K000384
s338-114,K000383
s338-114,K000360
s338-114,K000367
s338-114,M001183
s338-114,M001111
s338-114,S001181
s338-114,T000464
s337-114,C001088
s337-114,F000463
s337-114,G000386
s337-114,L000174
s336-114,A000360
s336-114,A000368
s336-114,B001261
s336-114,B000575
s336-114,B001236
s336-114,B001135
s336-114,C001047
s336-114,C001075
s336-114,C000542
s336-114,C000567
s336-114,C001071
s336-114,C001056
s336-114,C001095
s336-114,C000880
s336-114,D000618
s336-114,E000285
s336-114,E000295
s336-114,F000463
s336-114,F000444
s336-114,G000562
s336-114,G000359
s336-114,G000386
s336-114,H000338
s336-114,H001041
s336-114,H001061
s336-114,I000024
s336-114,I000055
s336-114,J000293
s336-114,L000575
s336-114,L000577
s336-114,M000303
s336-114,M000355
s336-114,M000934
s336-114,M001153
s336-114,P000603
s336-114,P000612
s336-114,P000449
s336-114,R000584
s336-114,R000307
s336-114,R000605
s336-114,R000595
s336-114,S001197
s336-114,S001184
s336-114,S001141
s336-114,S000320
s336-114,S001198
s336-114,T000250
s336-114,T000476
s336-114,T000461
s336-114,V000127
s336-114,W000437
s335-114,A000368
s335-114,B001135
s335-114,C000141
s335-114,C001070
s335-114,C001035
s335-114,F000463
s335-114,G000562
s335-114,I000055
s335-114,K000383
s335-114,K000367
s335-114,M000355
s335-114,M000934
s335-114,M001153
s335-114,P000449
s335-114,R000307
s335-114,S000148
s335-114,S001184
s335-114,T000461
s335-114,W000805
s335-114,W000437
s334-114,A000368
s334-114,B001261
s334-114,B000575
s334-114,C001056
s334-114,C001095
s334-114,D000618
s334-114,E000285
s334-114,F000463
s334-114,G000386
s334-114,H000338
s334-114,I000055
s334-114,J000293
s334-114,L000577
s334-114,M001153
s334-114,R000584
s334-114,R000595
s334-114,S001197
s334-114,S001141
s334-114,S001198
s334-114,T000476
s334-114,T000461
s334-114,W000437
s333-114,A000368
s333-114,B001261
s333-114,B001236
s333-114,C001047
s333-114,C000880
s333-114,G000386
s333-114,I000055
s333-114,J000293
s333-114,L000577
s333-114,R000595
s333-114,V000127
s332-114,B001230
s332-114,C001047
s332-114,D000563
s332-114,K000360
s332-114,L000174
s332-114,M001170
s332-114,M001169
s332-114,S000148
s332-114,S001181
s332-114,S000770
s331-114,B001267
s331-114,H001046
s331-114,R000584
s331-114,U000039
s330-114,A000368
s330-114,B001230
s330-114,B001267
s330-114,B001277
s330-114,B000575
s330-114,B001288
s330-114,B001236
s330-114,B000711
s330-114,B001135
s330-114,C000127
s330-114,C001047
s330-114,C000141
s330-114,C001070
s330-114,C001075
s330-114,C000567
s330-114,C001035
s330-114,C001088
s330-114,C001095
s330-114,C000880
s330-114,D000618
s330-114,D000607
s330-114,F000457
s330-114,G000562
s330-114,G000359
s330-114,H001046
s330-114,I000055
s330-114,K000383
s330-114,K000360
s330-114,K000367
s330-114,L000174
s330-114,M000639
s330-114,M001153
s330-114,M001169
s330-114,M001111
s330-114,N000032
s330-114,P000595
s330-114,P000449
s330-114,R000122
s330-114,R000584
s330-114,R000307
s330-114,S000033
s330-114,S000148
s330-114,S001181
s330-114,S000770
s330-114,S001198
s330-114,T000464
s330-114,T000250
s330-114,U000039
s330-114,V000127
s330-114,W000802
s330-114,W000437
s329-114,B001277
s328-114,L000577
s328-114,S000148
s327-114,A000368
s327-114,C000880
s327-114,C001098
s327-114,G000386
s327-114,H001041
s327-114,P000603
s327-114,S000033
s327-114,W000779
s326-114,B001261
s326-114,B001267
s326-114,C000880
s326-114,D000618
s326-114,E000285
s326-114,G000562
s326-114,H001046
s326-114,H001041
s326-114,M000303
s326-114,R000584
s326-114,T000464
s326-114,U000039
s325-114,B001288
s324-114,N000032
s322-114,B000575
s322-114,C001047
s322-114,C000141
s322-114,C001088
s322-114,S001181
s322-114,T000461
s320-114,B001230
s320-114,B000944
s320-114,C000141
s320-114,F000457
s319-114,S001198
s319-114,U000039
s318-114,B001230
s318-114,B000711
s318-114,B000944
s318-114,C000141
s317-114,B001230
s317-114,B000944
s317-114,C000141
s317-114,C001070
s317-114,D000607
s317-114,D000563
s317-114,G000555
s317-114,K000384
s317-114,S001194
s317-114,S000148
s317-114,U000039
s317-114,W000779
s316-114,A000360
s316-114,B001267
s316-114,B001288
s316-114,B001135
s316-114,C000174
s316-114,C001088
s316-114,C001056
s316-114,F000062
s316-114,I000055
s316-114,P000603
s316-114,R000595
s316-114,S001184
s315-114,K000367
s315-114,L000174
s314-114,A000368
s314-114,B001261
s314-114,B000575
s314-114,B001236
s314-114,B000711
s314-114,B000944
s314-114,C000127
s314-114,C001047
s314-114,C000141
s314-114,C001070
s314-114,C000567
s314-114,C001035
s314-114,C001088
s314-114,C001095
s314-114,D000618
s314-114,D000607
s314-114,D000563
s314-114,E000285
s314-114,E000295
s314-114,F000457
s314-114,G000562
s314-114,G000555
s314-114,H001046
s314-114,H001069
s314-114,H001042
s314-114,H001061
s314-114,K000360
s314-114,K000367
s314-114,M001176
s314-114,M000702
s314-114,M000934
s314-114,P000595
s314-114,R000605
s314-114,S001194
s314-114,S000148
s314-114,S000770
s314-114,T000464
s314-114,T000250
s314-114,U000039
s314-114,V000127
s314-114,W000437
s313-114,A000368
s313-114,B001267
s313-114,B000575
s313-114,B001236
s313-114,B000944
s313-114,B001135
s313-114,C001047
s313-114,C000141
s313-114,C001070
s313-114,C001075
s313-114,C001088
s313-114,D000563
s313-114,G000562
s313-114,H001069
s313-114,H001041
s313-114,H001042
s313-114,K000383
s313-114,K000360
s313-114,M001176
s313-114,M000934
s313-114,P000595
s313-114,P000449
s313-114,S001194
s313-114,S000148
s313-114,S001181
s313-114,S000770
s313-114,T000250
s313-114,W000437
s312-114,C000567
s312-114,F000062
s312-114,W000802
s311-114,B001230
s311-114,B001267
s311-114,B001277
s311-114,B001288
s311-114,B000711
s311-114,B000944
s311-114,C000127
s311-114,C000141
s311-114,C000174
s311-114,C001088
s311-114,D000563
s311-114,F000062
s311-114,F000457
s311-114,G000555
s311-114,H001046
s311-114,H001069
s311-114,H001042
s311-114,K000384
s311-114,K000360
s311-114,K000367
s311-114,L000174
s311-114,M001183
s311-114,M001170
s311-114,M000639
s311-114,M001176
s311-114,M000702
s311-114,M001169
s311-114,M001111
s311-114,N000032
s311-114,P000595
s311-114,R000122
s311-114,S000033
s311-114,S001194
s311-114,S000148
s311-114,S001181
s311-114,S000770
s311-114,U000039
s311-114,W000817
s311-114,W000802
s311-114,W000779
s310-114,D000618
s310-114,F000463
s310-114,J000293
s310-114,R000307
s309-114,A000368
s309-114,E000295
s309-114,F000444
s309-114,J000293
s309-114,K000360
s309-114,L000577
s309-114,M001170
s309-114,P000449
s309-114,R000595
s309-114,V000127
s308-114,B001230
s308-114,C001047
s308-114,F000457
s308-114,G000555
s308-114,M001183
s308-114,M001176
s308-114,M000702
s308-114,M001153
s308-114,S001194
s308-114,S000148
s308-114,U000039
s308-114,W000779
s307-114,M001169
s306-114,C000880
s306-114,C001098
s305-114,A000360
s305-114,A000368
s305-114,B001261
s305-114,B000575
s305-114,B001135
s305-114,C001047
s305-114,C000542
s305-114,C000567
s305-114,C001035
s305-114,C001056
s305-114,C000880
s305-114,F000463
s305-114,F000444
s305-114,G000562
s305-114,G000386
s305-114,I000024
s305-114,I000055
s305-114,K000360
s305-114,M000934
s305-114,P000449
s305-114,R000584
s305-114,R000307
s305-114,R000595
s305-114,S001184
s305-114,T000250
s305-114,T000476
s305-114,T000461
s305-114,V000127
s305-114,W000437
s304-114,A000368
s304-114,B001277
s304-114,H001041
s304-114,K000367
s304-114,M001170
s304-114,M000934
s304-114,N000032
s303-114,B001135
s303-114,M001170
s303-114,V000127
s302-114,B001230
s302-114,B001277
s302-114,B001288
s302-114,B000711
s302-114,B000944
s302-114,C000127
s302-114,C000141
s302-114,C001070
s302-114,C001088
s302-114,D000563
s302-114,F000062
s302-114,F000457
s302-114,G000555
s302-114,H001042
s302-114,L000174
s302-114,M001176
s302-114,M000702
s302-114,M001169
s302-114,M001111
s302-114,S000033
s302-114,S001194
s302-114,S000148
s302-114,S001181
s302-114,W000817
s302-114,W000802
s302-114,W000779
s301-114,A000360
s301-114,A000368
s301-114,B001261
s301-114,B001267
s301-114,B001277
s301-114,B000575
s301-114,B001288
s301-114,B001236
s301-114,B000711
s301-114,B000944
s301-114,B001135
s301-114,C000127
s301-114,C001047
s301-114,C000141
s301-114,C001070
s301-114,C001075
s301-114,C000567
s301-114,C001035
s301-114,C001088
s301-114,C001056
s301-114,C001095
s301-114,C000880
s301-114,D000618
s301-114,D000563
s301-114,E000285
s301-114,E000295
s301-114,F000062
s301-114,F000457
s301-114,G000562
s301-114,G000555
s301-114,G000359
s301-114,H000338
s301-114,H001046
s301-114,H001069
s301-114,H001041
s301-114,H001042
s301-114,H001061
s301-114,I000024
s301-114,I000055
s301-114,K000384
s301-114,K000383
s301-114,K000360
s301-114,K000367
s301-114,M001183
s301-114,M000133
s301-114,M000303
s301-114,M000639
s301-114,M000702
s301-114,M000934
s301-114,M001153
s301-114,M001169
s301-114,N000032
s301-114,P000595
s301-114,R000122
s301-114,R000584
s301-114,R000307
s301-114,R000605
s301-114,R000595
s301-114,S001194
s301-114,S000148
s301-114,S001184
s301-114,S001141
s301-114,S001181
s301-114,S000320
s301-114,S001198
s301-114,T000464
s301-114,T000250
s301-114,U000039
s301-114,V000127
s301-114,W000805
s301-114,W000817
s301-114,W000802
s301-114,W000437
s300-114,C001098
s300-114,W000779
s299-114,B001230
s299-114,B001267
s299-114,B001277
s299-114,B001236
s299-114,B000711
s299-114,B000944
s299-114,C000127
s299-114,C000141
s299-114,C000174
s299-114,C001035
s299-114,C001088
s299-114,D000563
s299-114,E000285
s299-114,F000062
s299-114,F000457
s299-114,G000555
s299-114,H001046
s299-114,H001069
s299-114,H001041
s299-114,H001042
s299-114,K000384
s299-114,K000383
s299-114,K000367
s299-114,L000174
s299-114,M000133
s299-114,M001170
s299-114,M001176
s299-114,M000702
s299-114,M000934
s299-114,M001169
s299-114,M001111
s299-114,P000603
s299-114,P000595
s299-114,R000122
s299-114,R000307
s299-114,S000033
s299-114,S001194
s299-114,S000148
s299-114,S001181
s299-114,S000770
s299-114,T000464
s299-114,U000039
s299-114,W000805
s299-114,W000817
s299-114,W000802
s299-114,W000779
s298-114,A000368
s298-114,B001230
s298-114,B001267
s298-114,B001277
s298-114,B000575
s298-114,B000711
s298-114,B000944
s298-114,C000127
s298-114,C000567
s298-114,D000563
s298-114,F000062
s298-114,G000562
s298-114,G000555
s298-114,G000359
s298-114,I000055
s298-114,J000293
s298-114,K000360
s298-114,M000133
s298-114,M001170
s298-114,M000934
s298-114,M001169
s298-114,M001111
s298-114,N000032
s298-114,P000449
s298-114,R000307
s298-114,S000148
s298-114,S001184
s298-114,S001181
s298-114,W000817
s298-114,W000437
s297-114,B000575
s297-114,M001183
s297-114,S001184
s297-114,U000039
s296-114,M001183
s295-114,A000368
s295-114,B001277
s295-114,B000575
s295-114,C000127
s295-114,C001047
s295-114,C000174
s295-114,C001070
s295-114,C001035
s295-114,C001088
s295-114,C001056
s295-114,C001095
s295-114,D000618
s295-114,F000062
s295-114,F000457
s295-114,G000555
s295-114,G000359
s295-114,G000386
s295-114,H001069
s295-114,H001061
s295-114,I000024
s295-114,I000055
s295-114,K000360
s295-114,K000367
s295-114,L000577
s295-114,M001183
s295-114,M000133
s295-114,M000303
s295-114,M001176
s295-114,M001153
s295-114,M001111
s295-114,P000612
s295-114,P000449
s295-114,R000307
s295-114,R000595
s295-114,S000148
s295-114,T000250
s295-114,T000461
s295-114,U000039
s295-114,V000127
s295-114,W000817
s295-114,W000802
s295-114,W000779
s294-114,A000368
s294-114,B000575
s294-114,B001236
s294-114,B000711
s294-114,B000944
s294-114,C001056
s294-114,G000359
s294-114,H001061
s294-114,I000024
s294-114,I000055
s294-114,K000384
s294-114,M001183
s294-114,M000934
s294-114,R000595
s294-114,T000250
s294-114,V000127
s294-114,W000805
s294-114,W000437
s293-114,B001261
s293-114,B001236
s293-114,C000880
s293-114,C001098
s293-114,E000285
s293-114,F000463
s293-114,F000444
s293-114,H000338
s293-114,H001041
s293-114,I000024
s293-114,L000575
s293-114,M000934
s293-114,R000584
s293-114,R000307
s293-114,R000605
s293-114,V000127
s293-114,W000437
s292-114,C000880
s292-114,C001098
s292-114,D000618
s292-114,E000285
s292-114,F000463
s292-114,F000444
s292-114,H000338
s292-114,I000024
s292-114,L000575
s292-114,M000934
s292-114,R000584
s292-114,R000307
s292-114,R000605
s292-114,T000250
s291-114,B001236
s291-114,C001095
s291-114,C001098
s291-114,G000386
s291-114,P000612
s291-114,S001141
s291-114,V000127
s290-114,A000368
s290-114,B001277
s290-114,E000295
s290-114,K000360
s290-114,M000303
s290-114,R000595
s289-114,B001230
s289-114,B000711
s289-114,B000944
s289-114,C000141
s289-114,C001070
s289-114,F000457
s289-114,H001042
s289-114,K000367
s289-114,M000133
s289-114,S000148
s289-114,W000802
s288-114,C001056
s288-114,E000285
s288-114,I000055
s288-114,M000355
s288-114,R000595
s288-114,S001184
s288-114,V000127
s287-114,B001277
s287-114,F000062
s287-114,G000555
s286-114,C000880
s286-114,F000457
s286-114,M001153
s286-114,S001194
s286-114,T000464
s285-114,B001267
s284-114,B001277
s284-114,C001088
s284-114,C001098
s284-114,D000563
s284-114,K000360
s284-114,M000133
s284-114,M000303
s284-114,R000595
s284-114,S001181
s284-114,W000437
s283-114,A000360
s283-114,B001261
s283-114,B000575
s283-114,B001236
s283-114,B001135
s283-114,C001047
s283-114,C000542
s283-114,C000567
s283-114,C001071
s283-114,C001056
s283-114,C001095
s283-114,C000880
s283-114,C001098
s283-114,D000618
s283-114,E000285
s283-114,E000295
s283-114,F000463
s283-114,G000359
s283-114,G000386
s283-114,H001041
s283-114,I000024
s283-114,I000055
s283-114,K000360
s283-114,L000577
s283-114,M000303
s283-114,M000355
s283-114,M000934
s283-114,P000603
s283-114,P000612
s283-114,P000449
s283-114,R000584
s283-114,R000307
s283-114,R000595
s283-114,S001184
s283-114,S000320
s283-114,T000250
s283-114,T000461
s283-114,V000127
s283-114,W000437
s282-114,A000368
s282-114,E000285
s282-114,H001069
s282-114,J000293
s282-114,M000303
s282-114,M001170
s282-114,P000603
s282-114,P000595
s282-114,P000449
s281-114,F000463
s281-114,R000595
s280-114,B000575
s280-114,C001035
s280-114,D000607
s280-114,H000338
s280-114,H001069
s280-114,J000293
s280-114,K000383
s280-114,M001183
s280-114,M001170
s280-114,P000603
s280-114,S001198
s280-114,W000805
s278-114,C001056
s278-114,F000463
s278-114,R000307
s277-114,B001230
s275-114,A000368
s275-114,B001230
s275-114,B001267
s275-114,B000711
s275-114,B000944
s275-114,B001135
s275-114,C000141
s275-114,C000567
s275-114,G000555
s275-114,G000386
s275-114,K000383
s275-114,K000360
s275-114,K000367
s275-114,L000575
s275-114,M000934
s275-114,P000449
s275-114,R000307
s275-114,S001181
s275-114,W000805
s274-114,G000386
s274-114,I000024
s274-114,L000577
s274-114,V000127
s273-114,B000575
s273-114,G000386
s273-114,I000024
s273-114,L000577
s273-114,V000127
s272-114,B001230
s272-114,F000457
s272-114,K000367
s272-114,M000702
s272-114,M001169
s271-114,A000368
s271-114,B001267
s271-114,B001277
s271-114,B000575
s271-114,B000711
s271-114,B000944
s271-114,C001088
s271-114,D000563
s271-114,G000555
s271-114,H001046
s271-114,H001041
s271-114,M000639
s271-114,M000702
s271-114,M001153
s271-114,S000033
s271-114,S001194
s271-114,S000148
s271-114,S001181
s271-114,S000770
s271-114,T000464
s271-114,V000127
s271-114,W000802
s271-114,W000779
s270-114,B001230
s270-114,B001277
s270-114,B000711
s270-114,B000944
s270-114,C001088
s270-114,D000563
s270-114,F000457
s270-114,G000555
s270-114,H001042
s270-114,L000174
s270-114,M000133
s270-114,M001169
s270-114,M001111
s270-114,P000595
s270-114,S001194
s270-114,W000802
s270-114,W000779
s269-114,A000368
s269-114,B001261
s269-114,B001277
s269-114,B000575
s269-114,B001236
s269-114,B001135
s269-114,C001047
s269-114,C001070
s269-114,C001075
s269-114,C000542
s269-114,C000567
s269-114,C001035
s269-114,C001088
s269-114,C001056
s269-114,C000880
s269-114,C001098
s269-114,D000618
s269-114,D000607
s269-114,E000285
s269-114,E000295
s269-114,F000463
s269-114,G000562
s269-114,G000359
s269-114,G000386
s269-114,H000338
s269-114,H001041
s269-114,H001061
s269-114,I000024
s269-114,I000055
s269-114,L000575
s269-114,L000577
s269-114,M001183
s269-114,M000355
s269-114,M000639
s269-114,M000934
s269-114,M001153
s269-114,P000595
s269-114,P000449
s269-114,R000584
s269-114,R000307
s269-114,R000605
s269-114,R000595
s269-114,S001197
s269-114,S000148
s269-114,S001184
s269-114,S001141
s269-114,S001198
s269-114,T000250
s269-114,T000476
s269-114,T000461
s269-114,V000127
s269-114,W000437
s268-114,M000702
s267-114,M001170
s266-114,M001170
s266-114,N000032
s265-114,A000360
s265-114,B001236
s265-114,C000542
s265-114,C001056
s265-114,C001098
s265-114,F000444
s265-114,H000338
s265-114,I000024
s265-114,M000355
s265-114,R000595
s265-114,S001141
s265-114,V000127
s265-114,W000437
s264-114,A000368
s264-114,B001261
s264-114,B000575
s264-114,B001236
s264-114,B001135
s264-114,C001047
s264-114,C001075
s264-114,C001056
s264-114,C000880
s264-114,C001098
s264-114,D000618
s264-114,G000562
s264-114,G000386
s264-114,H000338
s264-114,H001041
s264-114,H001042
s264-114,I000055
s264-114,K000360
s264-114,L000575
s264-114,L000577
s264-114,M000355
s264-114,M000934
s264-114,M001153
s264-114,P000612
s264-114,P000449
s264-114,R000584
s264-114,R000307
s264-114,R000595
s264-114,S001184
s264-114,S001141
s264-114,S001198
s264-114,T000250
s264-114,T000461
s264-114,V000127
s263-114,B001236
s263-114,R000584
s262-114,A000368
s262-114,B001230
s262-114,B001267
s262-114,B001277
s262-114,B001288
s262-114,B000711
s262-114,B000944
s262-114,C000127
s262-114,C001035
s262-114,C001088
s262-114,D000563
s262-114,F000062
s262-114,F000457
s262-114,G000555
s262-114,H001069
s262-114,H001042
s262-114,K000383
s262-114,K000367
s262-114,M001176
s262-114,M000702
s262-114,M001169
s262-114,M001111
s262-114,P000595
s262-114,R000122
s262-114,S001194
s262-114,S000148
s262-114,S001181
s262-114,S000770
s262-114,U000039
s262-114,W000817
s262-114,W000802
s262-114,W000779
s260-114,P000449
s260-114,T000461
s259-114,C000542
s259-114,D000607
s259-114,F000457
s259-114,H001069
s259-114,K000367
s259-114,T000250
s258-114,B001230
s258-114,B001261
s258-114,B001267
s258-114,B001236
s258-114,C000127
s258-114,C001047
s258-114,C000542
s258-114,C000567
s258-114,C001035
s258-114,C001095
s258-114,D000618
s258-114,D000607
s258-114,D000563
s258-114,F000463
s258-114,F000457
s258-114,G000562
s258-114,G000386
s258-114,H001069
s258-114,H001061
s258-114,I000024
s258-114,K000360
s258-114,K000367
s258-114,M001176
s258-114,M000934
s258-114,M001153
s258-114,M001111
s258-114,R000605
s258-114,S001198
s258-114,T000464
s258-114,T000250
s258-114,U000039
s258-114,W000437
s257-114,B001261
s257-114,B001236
s257-114,C001047
s257-114,C000567
s257-114,D000618
s257-114,E000285
s257-114,F000463
s257-114,F000457
s257-114,G000562
s257-114,G000386
s257-114,H001069
s257-114,H001061
s257-114,K000383
s257-114,K000360
s257-114,K000367
s257-114,R000605
s257-114,S001194
s257-114,T000464
s257-114,T000250
s257-114,U000039
s256-114,B001230
s256-114,H001046
s256-114,P000449
s255-114,C000880
s255-114,H001046
s255-114,K000383
s255-114,L000577
s255-114,U000039
s254-114,A000368
s254-114,M000303
s254-114,S001184
s253-114,S001194
s251-114,G000386
s251-114,M000133
s251-114,S000770
s251-114,W000817
s250-114,F000062
s249-114,C001056
s249-114,G000386
s248-114,C000880
s248-114,D000618
s248-114,F000463
s248-114,G000562
s248-114,H001061
s248-114,I000024
s248-114,J000293
s248-114,L000575
s248-114,M000303
s248-114,R000584
s248-114,R000605
s248-114,T000250
s248-114,W000437
s247-114,B000575
s247-114,G000386
s247-114,L000577
s246-114,B001230
s246-114,B001277
s246-114,B000711
s246-114,C000127
s246-114,C001035
s246-114,D000618
s246-114,F000062
s246-114,F000463
s246-114,F000457
s246-114,H001046
s246-114,H001042
s246-114,H001061
s246-114,I000024
s246-114,K000367
s246-114,M000934
s246-114,M001153
s246-114,M001111
s246-114,P000595
s246-114,S001194
s246-114,S001181
s246-114,S000770
s246-114,T000464
s246-114,T000250
s246-114,U000039
s246-114,W000817
s246-114,W000802
s242-114,M000934
s242-114,T000461
s241-114,H001041
s241-114,M000934
s240-114,K000383
s240-114,M000133
s240-114,M001170
s240-114,W000779
s239-114,B001261
s239-114,F000463
s239-114,F000457
s239-114,H001046
s239-114,K000367
s239-114,U000039
s238-114,C001047
s238-114,C001070
s238-114,C001056
s238-114,I000024
s238-114,K000360
s238-114,L000575
s238-114,M001183
s238-114,M000355
s238-114,V000127
s237-114,D000563
s237-114,K000360
s236-114,A000368
s236-114,E000295
s236-114,P000612
s235-114,B001230
s235-114,B001267
s235-114,B001277
s235-114,B000711
s235-114,C000127
s235-114,C000880
s235-114,D000618
s235-114,F000062
s235-114,F000457
s235-114,G000562
s235-114,H001046
s235-114,H001042
s235-114,K000367
s235-114,L000174
s235-114,M001176
s235-114,M001169
s235-114,P000595
s235-114,R000584
s235-114,S000148
s235-114,S000770
s235-114,T000464
s234-114,B001261
s234-114,C000880
s234-114,E000285
s234-114,H001041
s234-114,L000575
s234-114,M001183
s234-114,M000355
s234-114,P000612
s234-114,R000584
s233-114,A000360
s233-114,A000368
s233-114,B001261
s233-114,B000575
s233-114,B001236
s233-114,B001135
s233-114,C001047
s233-114,C001056
s233-114,C000880
s233-114,C001098
s233-114,D000618
s233-114,E000285
s233-114,F000463
s233-114,F000444
s233-114,I000055
s233-114,J000293
s233-114,M000355
s233-114,M001153
s233-114,P000612
s233-114,R000584
s233-114,R000605
s233-114,R000595
s233-114,S001184
s233-114,S001141
s233-114,T000250
s233-114,T000461
s233-114,V000127
s233-114,W000437
s231-114,C001070
s230-114,S001198
s229-114,B001230
s229-114,B001267
s229-114,B001277
s229-114,B001288
s229-114,B000711
s229-114,B000944
s229-114,C000127
s229-114,C000141
s229-114,C000174
s229-114,C001070
s229-114,C001088
s229-114,D000563
s229-114,F000062
s229-114,F000457
s229-114,G000555
s229-114,H001046
s229-114,H001069
s229-114,H001042
s229-114,K000384
s229-114,K000383
s229-114,K000367
s229-114,L000174
s229-114,M001183
s229-114,M000133
s229-114,M001170
s229-114,M000639
s229-114,M001176
s229-114,M000702
s229-114,M001169
s229-114,M001111
s229-114,N000032
s229-114,P000595
s229-114,R000122
s229-114,S000033
s229-114,S001194
s229-114,S000148
s229-114,S001181
s229-114,S000770
s229-114,T000464
s229-114,U000039
s229-114,W000805
s229-114,W000817
s228-114,C001047
s228-114,C001056
s228-114,E000285
s228-114,G000359
s228-114,H000338
s228-114,H001041
s228-114,H001061
s228-114,I000024
s228-114,L000577
s228-114,M001153
s228-114,R000584
s228-114,R000307
s228-114,R000605
s228-114,R000595
s228-114,S001198
s228-114,T000250
s228-114,V000127
s228-114,W000437
s227-114,M001111
s226-114,A000368
s226-114,B001261
s226-114,B000575
s226-114,B001236
s226-114,C001047
s226-114,C000567
s226-114,C001056
s226-114,C001095
s226-114,C000880
s226-114,C001098
s226-114,D000618
s226-114,E000285
s226-114,E000295
s226-114,F000463
s226-114,F000444
s226-114,G000562
s226-114,G000386
s226-114,H001041
s226-114,I000024
s226-114,I000055
s226-114,J000293
s226-114,K000360
s226-114,L000577
s226-114,M000303
s226-114,M000934
s226-114,P000612
s226-114,P000449
s226-114,R000584
s226-114,R000307
s226-114,R000605
s226-114,R000595
s226-114,S001197
s226-114,S001184
s226-114,S001198
s226-114,T000250
s226-114,V000127
s225-114,K000367
s224-114,K000360
s224-114,S000033
s224-114,S001181
s223-114,B001230
s223-114,C001035
s223-114,C001056
s223-114,F000062
s223-114,M000133
s223-114,M000702
s222-114,S001141
s218-114,K000360
s218-114,K000367
s217-114,B001230
s217-114,B001267
s217-114,B001288
s217-114,B000711
s217-114,B000944
s217-114,C000127
s217-114,C000141
s217-114,C001088
s217-114,D000563
s217-114,F000062
s217-114,F000457
s217-114,G000555
s217-114,H001046
s217-114,H001042
s217-114,K000367
s217-114,M000133
s217-114,M001170
s217-114,M000639
s217-114,M001176
s217-114,M000702
s217-114,M001169
s217-114,M001111
s217-114,P000595
s217-114,S000033
s217-114,S001194
s217-114,S000148
s217-114,S001181
s217-114,S000770
s217-114,T000464
s217-114,W000817
s217-114,W000802
s217-114,W000779
s216-114,B000711
s215-114,A000368
s215-114,G000555
s214-114,B001277
s214-114,D000563
s214-114,F000062
s214-114,F000457
s214-114,G000555
s214-114,L000174
s214-114,M000133
s214-114,M001176
s214-114,S001181
s214-114,U000039
s214-114,W000817
s214-114,W000802
s212-114,G000555
s212-114,N000032
s212-114,W000802
s210-114,A000368
s210-114,B000575
s210-114,B000711
s210-114,C000127
s210-114,C001088
s210-114,H001041
s210-114,K000384
s210-114,M000639
s210-114,M000934
s210-114,M001153
s210-114,R000307
s210-114,S001194
s210-114,S000148
s210-114,T000464
s209-114,B001267
s209-114,E000285
s209-114,F000463
s209-114,G000562
s209-114,H001061
s209-114,M000303
s209-114,M000934
s209-114,M001153
s209-114,T000464
s208-114,C001056
s208-114,F000444
s208-114,H001041
s208-114,M000303
s207-114,B001267
s207-114,B000575
s207-114,C001047
s207-114,C001035
s207-114,C000880
s207-114,C001098
s207-114,D000618
s207-114,F000444
s207-114,G000386
s207-114,H001069
s207-114,H001061
s207-114,K000383
s207-114,K000367
s207-114,M000303
s207-114,R000584
s207-114,R000307
s207-114,S001184
s207-114,T000464
s207-114,V000127
s207-114,W000779
s205-114,P000595
s203-114,A000360
s203-114,A000368
s203-114,B001261
s203-114,B000575
s203-114,B001135
s203-114,C000542
s203-114,C000567
s203-114,C001035
s203-114,C001056
s203-114,C000880
s203-114,F000463
s203-114,F000444
s203-114,G000562
s203-114,G000386
s203-114,I000024
s203-114,I000055
s203-114,J000293
s203-114,K000360
s203-114,L000577
s203-114,M000934
s203-114,M001153
s203-114,P000449
s203-114,R000584
s203-114,R000307
s203-114,R000595
s203-114,S001184
s203-114,T000250
s203-114,T000476
s203-114,W000437
s202-114,V000127
s202-114,W000805
s201-114,B001135
s201-114,C000567
s201-114,I000055
s201-114,M000355
s201-114,R000584
s201-114,R000307
s201-114,S001141
s201-114,T000250
s200-114,A000368
s200-114,B001261
s200-114,B000575
s200-114,C001047
s200-114,C001095
s200-114,C000880
s200-114,F000463
s200-114,F000444
s200-114,I000024
s200-114,I000055
s200-114,L000577
s200-114,P000612
s200-114,R000595
s200-114,S001184
s200-114,T000250
s200-114,V000127
s198-114,B001230
s198-114,B000711
s198-114,F000062
s198-114,F000457
s198-114,H001042
s198-114,L000174
s198-114,M001176
s198-114,R000122
s198-114,S000033
s198-114,S001194
s198-114,W000817
s198-114,W000802
s197-114,B001288
s197-114,B000944
s197-114,C000174
s197-114,C001070
s197-114,C001088
s197-114,F000457
s197-114,H001046
s197-114,H001042
s197-114,M001169
s197-114,M001111
s197-114,R000122
s197-114,S000033
s197-114,U000039
s197-114,W000817
s197-114,W000802
s197-114,W000779
s195-114,T000461
s195-114,V000127
s194-114,F000457
s194-114,W000437
s193-114,E000285
s192-114,A000368
s192-114,B001267
s192-114,B001135
s192-114,C001035
s192-114,C001088
s192-114,G000555
s192-114,G000386
s192-114,H000338
s192-114,H001042
s192-114,I000055
s192-114,K000384
s192-114,K000360
s192-114,K000367
s192-114,L000174
s192-114,M001170
s192-114,M001176
s192-114,M000934
s192-114,M001153
s192-114,M001111
s192-114,N000032
s192-114,S000033
s192-114,S001194
s192-114,S001181
s192-114,T000464
s192-114,W000805
s192-114,W000779
s191-114,B001230
s191-114,P000449
s189-114,L000575
s187-114,M001176
s187-114,W000802
s186-114,B000575
s186-114,B001236
s186-114,I000024
s185-114,A000368
s185-114,B001267
s185-114,C000174
s185-114,I000055
s185-114,K000360
s184-114,H001069
s184-114,T000464
s183-114,A000360
s183-114,A000368
s183-114,B000575
s183-114,B001236
s183-114,B001135
s183-114,C001047
s183-114,C001075
s183-114,C000542
s183-114,C000567
s183-114,C001035
s183-114,C001095
s183-114,C000880
s183-114,D000618
s183-114,E000295
s183-114,F000463
s183-114,F000444
s183-114,G000562
s183-114,H000338
s183-114,H001041
s183-114,H001061
s183-114,I000024
s183-114,I000055
s183-114,J000293
s183-114,K000360
s183-114,L000575
s183-114,M000303
s183-114,M000934
s183-114,M001153
s183-114,P000612
s183-114,R000584
s183-114,R000307
s183-114,R000605
s183-114,R000595
s183-114,S001184
s183-114,S001198
s183-114,T000476
s183-114,T000461
s183-114,V000127
s183-114,W000437
s182-114,A000368
s182-114,C001047
s182-114,C001075
s182-114,E000295
s182-114,G000386
s182-114,I000024
s182-114,P000603
s182-114,P000449
s182-114,R000595
s181-114,B000575
s181-114,C001088
s181-114,K000384
s181-114,K000367
s181-114,W000805
s180-114,P000603
s179-114,F000457
s178-114,A000368
s178-114,B001277
s178-114,B000575
s178-114,B001236
s178-114,C001047
s178-114,C001070
s178-114,C000542
s178-114,C000567
s178-114,C001035
s178-114,C001088
s178-114,C000880
s178-114,D000618
s178-114,D000563
s178-114,F000062
s178-114,F000463
s178-114,G000555
s178-114,G000359
s178-114,G000386
s178-114,H000338
s178-114,H001069
s178-114,H001061
s178-114,J000293
s178-114,K000360
s178-114,K000367
s178-114,M001111
s178-114,P000595
s178-114,R000595
s178-114,S000148
s178-114,S001184
s178-114,T000250
s178-114,T000461
s178-114,U000039
s178-114,W000437
s178-114,W000779
s177-114,B001277
s176-114,F000062
s176-114,R000146
s175-114,M000934
s174-114,M000702
s174-114,P000595
s174-114,S001181
s171-114,B001236
s171-114,B000944
s171-114,H001041
s171-114,M000934
s170-114,B001230
s170-114,B001267
s170-114,B000711
s170-114,B000944
s170-114,D000563
s170-114,G000555
s170-114,H001041
s170-114,M001111
s170-114,R000122
s170-114,S000148
s170-114,S000770
s168-114,A000368
s168-114,B001261
s168-114,B000575
s168-114,C000542
s168-114,C000880
s168-114,F000463
s168-114,F000444
s168-114,G000386
s168-114,H000338
s168-114,I000055
s168-114,J000293
s168-114,M000934
s168-114,M001153
s168-114,P000612
s168-114,R000595
s168-114,S001141
s168-114,T000476
s168-114,T000461
s168-114,W000437
s167-114,A000368
s167-114,B001230
s167-114,B001267
s167-114,B001277
s167-114,B000575
s167-114,B001236
s167-114,B000711
s167-114,B000944
s167-114,B001135
s167-114,C000127
s167-114,C001047
s167-114,C000141
s167-114,C001070
s167-114,C001035
s167-114,C001088
s167-114,C001056
s167-114,D000618
s167-114,D000607
s167-114,D000563
s167-114,F000062
s167-114,F000444
s167-114,F000457
s167-114,G000555
s167-114,G000386
s167-114,H001069
s167-114,H001041
s167-114,H001042
s167-114,H001061
s167-114,I000024
s167-114,J000293
s167-114,K000383
s167-114,K000360
s167-114,K000367
s167-114,M001183
s167-114,M000133
s167-114,M000639
s167-114,M000934
s167-114,M001153
s167-114,M001169
s167-114,M001111
s167-114,N000032
s167-114,P000595
s167-114,R000122
s167-114,S000033
s167-114,S000148
s167-114,S001141
s167-114,S001181
s167-114,S000770
s167-114,S001198
s167-114,T000464
s167-114,T000476
s167-114,W000779
s166-114,A000368
s166-114,B001230
s166-114,B001277
s166-114,B001288
s166-114,C001047
s166-114,C000542
s166-114,C000567
s166-114,C001035
s166-114,C001088
s166-114,C001056
s166-114,F000062
s166-114,F000457
s166-114,G000555
s166-114,H000338
s166-114,H001069
s166-114,H001042
s166-114,H001061
s166-114,K000360
s166-114,L000174
s166-114,M000303
s166-114,M001170
s166-114,S000148
s166-114,S000770
s166-114,W000805
s166-114,W000802
s166-114,W000437
s165-114,B001261
s165-114,B000575
s165-114,B001236
s165-114,B001135
s165-114,C001056
s165-114,C001095
s165-114,C001098
s165-114,E000295
s165-114,F000463
s165-114,G000359
s165-114,H000338
s165-114,I000024
s165-114,I000055
s165-114,J000293
s165-114,K000360
s165-114,L000575
s165-114,L000577
s165-114,M000303
s165-114,M000934
s165-114,R000307
s165-114,R000605
s165-114,R000595
s165-114,S001141
s165-114,S001198
s165-114,T000476
s165-114,T000461
s165-114,W000437
s164-114,B000944
s164-114,C000141
s164-114,H001042
s164-114,M000133
s164-114,M001176
s164-114,M000702
s163-114,B001230
s163-114,B001135
s163-114,D000607
s163-114,M001169
s163-114,W000802
s162-114,B000711
s162-114,L000174
s161-114,B001230
s161-114,B001277
s161-114,B000711
s161-114,D000563
s161-114,F000457
s161-114,K000367
s161-114,L000174
s161-114,M000133
s161-114,M001170
s161-114,M001176
s161-114,R000122
s161-114,R000146
s161-114,S000033
s161-114,S001194
s161-114,S001181
s161-114,W000817
s160-114,W000805
s159-114,A000368
s159-114,F000444
s158-114,C001047
s158-114,V000127
s157-114,C001095
s156-114,H001041
s155-114,C001098
s155-114,I000024
s155-114,I000055
s155-114,L000575
s155-114,P000612
s155-114,R000307
s153-114,A000368
s153-114,B001277
s153-114,C001088
s153-114,F000444
s153-114,G000562
s153-114,H001041
s153-114,K000383
s153-114,K000360
s153-114,K000367
s153-114,L000577
s153-114,M000303
s153-114,M001170
s153-114,R000595
s152-114,F000444
s151-114,H001042
s150-114,A000360
s150-114,A000368
s150-114,B001261
s150-114,C000174
s150-114,C001035
s150-114,C001056
s150-114,C000880
s150-114,E000285
s150-114,F000463
s150-114,G000386
s150-114,H001046
s150-114,H001069
s150-114,J000293
s150-114,K000384
s150-114,K000383
s150-114,K000367
s150-114,L000575
s150-114,M001183
s150-114,M000303
s150-114,M001153
s150-114,P000612
s150-114,P000449
s150-114,S001181
s150-114,V000127
s150-114,W000805
s149-114,A000360
s149-114,A000368
s149-114,B001261
s149-114,B000575
s149-114,B001236
s149-114,B001135
s149-114,C001047
s149-114,C001070
s149-114,C001075
s149-114,C000542
s149-114,C001035
s149-114,C001095
s149-114,C000880
s149-114,D000607
s149-114,F000444
s149-114,F000457
s149-114,G000562
s149-114,G000359
s149-114,G000386
s149-114,H001041
s149-114,H001061
s149-114,I000024
s149-114,I000055
s149-114,J000293
s149-114,K000360
s149-114,K000367
s149-114,L000575
s149-114,L000577
s149-114,M000303
s149-114,M000934
s149-114,M001153
s149-114,P000449
s149-114,R000307
s149-114,R000595
s149-114,S001184
s149-114,S001181
s149-114,T000476
s149-114,T000461
s149-114,W000437
s148-114,B001267
s148-114,C000141
s148-114,C001070
s148-114,G000562
s148-114,G000386
s148-114,H001061
s148-114,P000603
s148-114,T000250
s146-114,A000360
s146-114,H000338
s146-114,I000024
s146-114,L000577
s146-114,M000303
s145-114,A000360
s145-114,B001267
s145-114,C001071
s145-114,G000562
s145-114,H000338
s145-114,H001046
s145-114,I000024
s145-114,L000577
s145-114,M000303
s145-114,T000250
s144-114,C001095
s144-114,C001098
s144-114,I000024
s144-114,L000575
s144-114,L000577
s144-114,P000603
s144-114,R000584
s144-114,S000320
s143-114,B001236
s143-114,C000127
s143-114,H000338
s142-114,A000368
s142-114,B001267
s142-114,B001277
s142-114,B000711
s142-114,B000944
s142-114,C000141
s142-114,C001070
s142-114,D000563
s142-114,F000062
s142-114,G000555
s142-114,G000386
s142-114,H001061
s142-114,K000367
s142-114,M000133
s142-114,M001176
s142-114,M001111
s142-114,R000122
s142-114,S001194
s142-114,S000148
s142-114,U000039
s142-114,W000817
s141-114,A000368
s141-114,B001261
s141-114,B000575
s141-114,B001236
s141-114,B001135
s141-114,C001047
s141-114,C001075
s141-114,C000542
s141-114,C000567
s141-114,C001035
s141-114,C001095
s141-114,C000880
s141-114,D000618
s141-114,E000295
s141-114,F000463
s141-114,F000444
s141-114,G000562
s141-114,G000359
s141-114,G000386
s141-114,H001041
s141-114,H001061
s141-114,I000024
s141-114,I000055
s141-114,J000293
s141-114,K000360
s141-114,L000575
s141-114,M000303
s141-114,M000934
s141-114,P000603
s141-114,P000612
s141-114,P000449
s141-114,R000307
s141-114,R000605
s141-114,R000595
s141-114,S001184
s141-114,S000320
s141-114,T000250
s141-114,T000476
s141-114,T000461
s141-114,V000127
s141-114,W000437
s140-114,C001047
s140-114,C001056
s140-114,G000555
s140-114,K000360
s140-114,P000449
s139-114,A000368
s139-114,B001267
s139-114,B000711
s139-114,B000944
s139-114,C001035
s139-114,C001088
s139-114,D000563
s139-114,G000555
s139-114,H000338
s139-114,K000367
s139-114,M000133
s139-114,R000307
s139-114,S001181
s139-114,S000770
s139-114,W000437
s137-114,C000141
s136-114,B000944
s136-114,C001035
s134-114,B001230
s134-114,B001267
s134-114,D000618
s134-114,F000457
s134-114,G000562
s134-114,M000355
s134-114,M001176
s134-114,P000603
s134-114,S000033
s134-114,T000464
s133-114,B000711
s133-114,F000062
s133-114,M001176
s132-114,M001176
s131-114,F000457
s129-114,B000575
s128-114,A000368
s128-114,B001267
s128-114,C001035
s128-114,F000457
s128-114,H001061
s128-114,S001181
s127-114,A000368
s127-114,C001035
s127-114,E000295
s127-114,J000293
s127-114,M001183
s127-114,R000605
s127-114,V000127
s126-114,A000360
s126-114,C000127
s126-114,C001056
s126-114,E000285
s126-114,M001111
s126-114,N000032
s126-114,R000146
s126-114,T000250
s125-114,A000368
s125-114,B001230
s125-114,B001277
s125-114,B000575
s125-114,B000944
s125-114,C000141
s125-114,C001035
s125-114,C001088
s125-114,C001056
s125-114,D000607
s125-114,D000563
s125-114,F000062
s125-114,F000457
s125-114,G000359
s125-114,H000338
s125-114,H001069
s125-114,K000367
s125-114,M001176
s125-114,P000595
s125-114,R000122
s125-114,S000148
s125-114,T000461
s125-114,U000039
s125-114,W000802
s124-114,N000032
s123-114,C001095
s123-114,F000463
s123-114,F000444
s123-114,G000562
s123-114,I000024
s123-114,L000577
s123-114,M000303
s123-114,P000603
s123-114,R000307
s123-114,R000605
s123-114,T000476
s123-114,V000127
s122-114,C001035
s122-114,G000386
s122-114,K000383
s122-114,K000367
s122-114,S000033
s122-114,S001181
s122-114,W000802
s121-114,B001261
s120-114,R000595
s119-114,C000127
s119-114,C001035
s119-114,F000062
s119-114,H001042
s119-114,K000383
s119-114,M000702
s117-114,C001056
s117-114,C001095
s117-114,C001098
s117-114,I000024
s117-114,K000360
s117-114,R000595
s117-114,T000461
s113-114,H000338
s111-114,R000146
s108-114,B001267
s108-114,B001288
s108-114,B001135
s108-114,E000285
s108-114,H000338
s108-114,I000055
s108-114,K000383
s108-114,K000360
s108-114,P000612
s108-114,P000449
s108-114,W000805
s105-114,C001075
s92-114,H001069
s91-114,V000127
s89-114,P000603
s85-114,A000360
s85-114,A000368
s85-114,B001135
s85-114,C001047
s85-114,C000174
s85-114,C001035
s85-114,M001183
s85-114,P000449
s85-114,R000595
s85-114,S001181
s85-114,W000805
s85-114,W000437
s84-114,C001035
s84-114,C001088
s84-114,M001169
s84-114,S001194
s83-114,C001047
s83-114,C001035
s83-114,K000383
s83-114,M001153
s81-114,G000555
s81-114,M001169
s81-114,S000148
s73-114,C001098
s73-114,D000618
s71-114,A000360
s71-114,A000368
s71-114,B001236
s71-114,C000567
s71-114,F000444
s71-114,G000562
s71-114,H001041
s71-114,I000055
s71-114,P000612
s71-114,R000307
s67-114,C001075
s55-114,C001075
s53-114,B001236
s53-114,L000577
s51-114,C001095
s51-114,C001098
s51-114,E000285
s51-114,F000463
s51-114,L000577
s51-114,P000603
s51-114,R000584
s51-114,R000307
s51-114,R000595
s51-114,S001197
s50-114,E000285
s50-114,R000307
s50-114,R000605
s50-114,S001197
s48-114,B001236
s48-114,C000542
s48-114,C001098
s48-114,E000285
s48-114,G000386
s48-114,I000055
s48-114,L000577
s48-114,P000449
s48-114,R000584
s48-114,R000307
s48-114,S001197
s48-114,S001141
s48-114,T000250
s40-114,F000457
s40-114,H001046
s40-114,S000033
s40-114,S001181
s40-114,W000802
s39-114,B001261
s39-114,M001183
s39-114,V000127
s38-114,A000368
s38-114,B000575
s38-114,F000463
s38-114,G000386
s38-114,I000024
s38-114,I000055
s38-114,P000612
s38-114,R000307
s38-114,W000437
s37-114,B001230
s37-114,B000944
s37-114,H001042
s36-114,A000368
s36-114,B001277
s36-114,B000711
s36-114,F000457
s36-114,G000555
s36-114,K000367
s36-114,M001183
s36-114,M000133
s36-114,P000449
s36-114,S000148
s36-114,S001181
s36-114,W000802
s35-114,D000618
s33-114,B001267
s33-114,C001047
s33-114,C001075
s33-114,C001056
s33-114,D000618
s33-114,F000444
s33-114,G000562
s33-114,H001046
s33-114,H001069
s33-114,H001041
s33-114,H001061
s33-114,K000384
s33-114,P000449
s33-114,T000461
s33-114,U000039
s33-114,V000127
s33-114,W000805
s32-114,A000368
s32-114,B001277
s32-114,C001088
s32-114,C001056
s32-114,G000386
s32-114,H001069
s32-114,K000367
s32-114,S000148
s32-114,U000039
s31-114,B001230
s31-114,B001277
s31-114,B000944
s31-114,F000457
s31-114,K000384
s31-114,K000383
s31-114,S000033
s31-114,S001181
s30-114,A000360
s30-114,A000368
s30-114,B001261
s30-114,B000575
s30-114,B001236
s30-114,B001135
s30-114,C001047
s30-114,C001075
s30-114,C000542
s30-114,C000880
s30-114,D000618
s30-114,D000607
s30-114,E000285
s30-114,E000295
s30-114,F000463
s30-114,F000444
s30-114,G000562
s30-114,G000359
s30-114,G000386
s30-114,H000338
s30-114,H001041
s30-114,H001061
s30-114,I000024
s30-114,I000055
s30-114,J000293
s30-114,K000360
s30-114,L000575
s30-114,M001183
s30-114,M000303
s30-114,M000934
s30-114,M001153
s30-114,P000603
s30-114,P000612
s30-114,P000449
s30-114,R000307
s30-114,S001184
s30-114,T000250
s30-114,T000476
s30-114,T000461
s30-114,V000127
s30-114,W000437
s29-114,B001230
s29-114,B001267
s29-114,B001277
s29-114,B001288
s29-114,B000711
s29-114,B000944
s29-114,C000127
s29-114,C000141
s29-114,C000174
s29-114,C001070
s29-114,C001088
s29-114,D000607
s29-114,D000563
s29-114,F000457
s29-114,G000555
s29-114,H001046
s29-114,H001069
s29-114,H001042
s29-114,K000384
s29-114,K000383
s29-114,K000367
s29-114,L000174
s29-114,M000133
s29-114,M001170
s29-114,M000639
s29-114,M001176
s29-114,M000702
s29-114,M001169
s29-114,M001111
s29-114,N000032
s29-114,P000595
s29-114,R000122
s29-114,R000146
s29-114,S000033
s29-114,S001194
s29-114,S000148
s29-114,S001181
s29-114,S000770
s29-114,T000464
s29-114,U000039
s29-114,W000805
s29-114,W000817
s29-114,W000802
s29-114,W000779
s28-114,B000711
s28-114,B000944
s28-114,C000127
s28-114,C000141
s28-114,D000563
s28-114,F000457
s28-114,K000367
s28-114,L000174
s28-114,M001169
s28-114,M001111
s28-114,S000033
s28-114,U000039
s28-114,W000802
s28-114,W000779
s27-114,C001035
s27-114,G000359
s27-114,K000360
s27-114,K000367
s27-114,W000802
s26-114,B001277
s26-114,B000944
s26-114,C001088
s26-114,M001176
s25-114,A000368
